project;repo_file_path_reduced;refs_count
apache_derby;client/org/apache/derby/client/am/LogicalPreparedStatement40.java;1
apache_derby;client/org/apache/derby/client/am/CallableStatement42.java;1
apache_tomcat;org/apache/tomcat/websocket/PojoPathParam.java;1
apache_derby;testing/org/apache/derbyTesting/functionTests/tests/tools/ImportExportTest.java;2
apache_derby;engine/org/apache/derby/impl/sql/execute/CreateIndexConstantAction.java;1
apache_derby;engine/org/apache/derby/catalog/Java5SystemProcedures.java;1
apache_tomcat;org/apache/catalina/deploy/ContextResourceEnvRef.java;1
apache_tomcat;org/apache/jasper/compiler/JspDocumentParser.java;2
apache_derby;engine/org/apache/derby/impl/load/ImportClob.java;9
apache_derby;testing/org/apache/derbyTesting/functionTests/util/BaseJDBCTestSetup.java;1
apache_derby;engine/org/apache/derby/impl/sql/compile/InsertNode.java;3
apache_tomcat;org/apache/jasper/compiler/JspConfig.java;2
apache_tomcat;org/apache/catalina/tribes/transport/ThreadPool.java;2
apache_derby;engine/org/apache/derby/iapi/types/SQLBinary.java;5
apache_tomcat;org/apache/naming/StringManager.java;1
apache_derby;engine/org/apache/derby/impl/io/DirStorageFactory.java;1
apache_derby;testing/org/apache/derbyTesting/functionTests/tests/jdbc4/TestDbMetaData.java;2
apache_derby;engine/org/apache/derby/impl/jdbc/LOBStoredProcedure.java;2
apache_derby;engine/org/apache/derby/iapi/services/io/FormatableBitSet.java;2
apache_tomcat;org/apache/jasper/compiler/JspUtil.java;5
apache_tomcat;org/apache/coyote/http11/upgrade/UpgradeProcessorInternal.java;1
apache_tomcat;org/apache/jasper/compiler/Parser.java;2
apache_tomcat;org/apache/catalina/webresources/TraceWrapperInputStream.java;1
apache_tomcat;org/apache/catalina/deploy/LoginConfig.java;1
apache_tomcat;org/apache/tomcat/websocket/WsWebSocketContainer.java;16
apache_derby;engine/org/apache/derby/impl/sql/execute/NormalizeResultSet.java;3
apache_tomcat;org/apache/catalina/deploy/ContextResourceLink.java;1
apache_tomcat;org/apache/catalina/authenticator/SpnegoAuthenticator.java;7
apache_tomcat;org/apache/tomcat/websocket/WsFrame.java;7
apache_tomcat;org/apache/tomcat/websocket/pojo/PojoMessageHandlerBasicPong.java;1
apache_derby;testing/org/apache/derbyTesting/functionTests/tests/memorydb/DropWhileConnectingTest.java;1
apache_tomcat;org/apache/catalina/realm/JAASRealm.java;2
apache_tomcat;org/apache/coyote/http11/InternalNioInputBuffer.java;13
apache_derby;engine/org/apache/derby/impl/sql/execute/DeleteResultSet.java;1
apache_tomcat;org/apache/catalina/deploy/ContextResource.java;1
apache_derby;testing/org/apache/derbyTesting/functionTests/tests/compatibility/JDBCDriverTest.java;6
apache_tomcat;org/apache/catalina/tribes/tipis/AbstractReplicatedMap.java;3
apache_derby;engine/org/apache/derby/iapi/types/Like.java;1
apache_tomcat;org/apache/tomcat/util/descriptor/tld/TagFile.java;1
apache_tomcat;org/apache/catalina/valves/RemoteAddrValve.java;2
apache_tomcat;org/apache/catalina/webresources/AbstractResourceSet.java;5
apache_tomcat;org/apache/catalina/deploy/ErrorPage.java;1
apache_derby;client/org/apache/derby/jdbc/NonJNDIClientConnectionPoolDataSource40.java;1
apache_derby;client/org/apache/derby/client/ClientPooledConnection.java;3
apache_derby;testing/org/apache/derbyTesting/functionTests/tests/lang/timestampArith.java;4
apache_tomcat;org/apache/catalina/tribes/membership/McastServiceImpl.java;5
apache_tomcat;org/apache/tomcat/util/codec/binary/Base64.java;1
apache_tomcat;javax/net/websocket/extensions/Frame.java;1
apache_derby;engine/org/apache/derby/impl/sql/compile/UnaryArithmeticOperatorNode.java;3
apache_derby;engine/org/apache/derby/impl/sql/catalog/SequenceUpdater.java;1
apache_derby;testing/org/apache/derbyTesting/junit/DropDatabaseSetup.java;5
apache_tomcat;org/apache/tomcat/util/net/openssl/OpenSSLContext.java;1
apache_derby;engine/org/apache/derby/iapi/services/io/InputStreamUtil.java;1
apache_derby;engine/org/apache/derby/impl/sql/conn/GenericLanguageConnectionContext.java;8
apache_derby;testing/org/apache/derbyTesting/functionTests/tests/jdbcapi/parameterMapping.java;5
apache_derby;testing/org/apache/derbyTesting/functionTests/tests/upgradeTests/helpers/DisposableIndexStatistics.java;1
apache_derby;shared/org/apache/derby/shared/common/reference/MessageId.java;4
apache_derby;stubs/jsr169/javax/sql/RowSetEvent.java;7
apache_derby;engine/org/apache/derby/iapi/sql/dictionary/StatementColumnPermission.java;1
apache_derby;testing/org/apache/derbyTesting/functionTests/tests/lang/CastingTest.java;1
apache_tomcat;org/apache/el/MethodExpressionImpl.java;1
apache_tomcat;org/apache/catalina/tribes/membership/McastService.java;14
apache_tomcat;org/apache/catalina/storeconfig/StandardHostSF.java;1
apache_derby;testing/org/apache/derbyTesting/functionTests/tests/lang/ConstraintCharacteristicsTest.java;8
apache_derby;testing/org/apache/derbyTesting/functionTests/tests/jdbcapi/DataSourceTest.java;3
apache_derby;tools/org/apache/derby/impl/tools/cslook/DB_Key.java;1
apache_derby;engine/org/apache/derby/jdbc/EmbeddedXADataSource40.java;12
apache_tomcat;org/apache/tomcat/util/collections/ConcurrentStack.java;1
apache_derby;client/org/apache/derby/client/ClientBaseDataSource.java;49
apache_tomcat;org/apache/tomcat/util/net/NioSelectorPool.java;2
apache_tomcat;javax/websocket/ClientEndpointConfiguration.java;1
apache_derby;tools/org/apache/derby/tools/ij.java;1
apache_tomcat;org/apache/jasper/util/SystemLogHandler.java;1
apache_tomcat;org/apache/catalina/storeconfig/CatalinaClusterSF.java;1
apache_derby;engine/org/apache/derby/catalog/TriggerNewTransitionRows.java;2
apache_derby;client/org/apache/derby/client/am/PreparedStatement42.java;2
apache_derby;engine/org/apache/derby/impl/store/raw/data/ContainerOperation.java;1
apache_tomcat;org/apache/jasper/runtime/TagHandlerPool.java;2
apache_derby;engine/org/apache/derby/impl/sql/compile/RowOrderingImpl.java;1
apache_tomcat;org/apache/coyote/http11/InternalAprOutputBuffer.java;8
apache_tomcat;org/apache/tomcat/util/http/fileupload/DiskFileItem.java;1
apache_derby;client/org/apache/derby/client/net/NetResultSet.java;1
apache_tomcat;org/apache/catalina/deploy/ResourceBase.java;1
apache_derby;engine/org/apache/derby/impl/services/replication/buffer/LogBufferFullException.java;1
apache_derby;engine/org/apache/derby/impl/sql/compile/AggregateNode.java;3
apache_derby;testing/org/apache/derbyTesting/functionTests/tests/derbynet/ClientSideSystemPropertiesTest.java;1
apache_derby;engine/org/apache/derby/iapi/types/SQLClob.java;3
apache_tomcat;org/apache/catalina/valves/RemoteHostValve.java;2
apache_tomcat;org/apache/catalina/startup/ContextConfig.java;21
apache_derby;testing/org/apache/derbyTesting/functionTests/util/JDBCClient.java;1
apache_derby;testing/org/apache/derbyTesting/functionTests/tests/jdbcapi/savepointJdbc30_JSR169.java;1
apache_derby;engine/org/apache/derby/jdbc/EmbedPooledConnection.java;3
apache_derby;engine/org/apache/derby/impl/db/SlaveDatabase.java;1
apache_derby;engine/org/apache/derby/impl/jdbc/LOBInputStream.java;1
apache_tomcat;org/apache/catalina/websocket/WebSocketServlet.java;1
apache_derby;engine/org/apache/derby/impl/jdbc/EmbedClob.java;1
apache_tomcat;org/apache/catalina/CometFilter.java;1
apache_derby;testing/org/apache/derbyTesting/functionTests/tests/largedata/LobLimitsTest.java;6
apache_tomcat;org/apache/catalina/deploy/MessageDestinationRef.java;1
apache_derby;engine/org/apache/derby/iapi/types/StreamHeaderGenerator.java;1
apache_derby;testing/org/apache/derbyTesting/functionTests/tests/jdbcapi/blobclob4BLOB.java;1
apache_tomcat;org/apache/catalina/mbeans/JmxRemoteLifecycleListener.java;8
apache_tomcat;org/apache/catalina/ha/session/JvmRouteSessionIDBinderListener.java;1
apache_derby;engine/org/apache/derby/impl/sql/compile/StaticMethodCallNode.java;5
apache_derby;engine/org/apache/derby/impl/sql/compile/UserTypeConstantNode.java;2
apache_tomcat;org/apache/coyote/ContainerThreadMarker.java;1
apache_derby;engine/org/apache/derby/jdbc/EmbeddedConnectionPoolDataSource.java;1
apache_derby;engine/org/apache/derby/impl/sql/execute/LastIndexKeyResultSet.java;4
apache_tomcat;org/apache/tomcat/websocket/server/WsRemoteEndpointImplServer.java;3
apache_derby;client/org/apache/derby/jdbc/BasicClientDataSource40.java;1
apache_derby;build/org/apache/derbyBuild/ReleaseNotesGenerator.java;4
apache_tomcat;org/apache/tomcat/util/scan/UrlJar.java;1
apache_tomcat;org/apache/tomcat/util/http/CookieSupport.java;2
apache_derby;testing/org/apache/derbyTesting/functionTests/util/BigDecimalHandler.java;2
apache_derby;engine/org/apache/derby/impl/services/replication/net/SocketConnection.java;1
apache_tomcat;org/apache/catalina/util/ConcurrentMessageDigest.java;1
apache_tomcat;org/apache/catalina/valves/ExtendedAccessLogValve.java;5
apache_derby;demo/simple/SimpleApp.java;1
apache_derby;engine/org/apache/derby/impl/sql/execute/BasicNoPutResultSetImpl.java;2
apache_derby;testing/org/apache/derbyTesting/junit/TestConfiguration.java;10
apache_tomcat;org/apache/catalina/ha/session/ClusterManagerBase.java;15
apache_tomcat;org/apache/tomcat/util/bcel/classfile/ClassParser.java;1
apache_derby;testing/org/apache/derbyTesting/functionTests/tests/lang/AnsiSignaturesTest.java;2
apache_tomcat;org/apache/catalina/connector/InputBuffer.java;1
apache_derby;engine/org/apache/derby/impl/services/daemon/IndexStatisticsDaemonImpl.java;3
apache_derby;client/org/apache/derby/client/net/EbcdicCcsidManager.java;5
apache_derby;testing/org/apache/derbyTesting/functionTests/tests/jdbc4/VerifySignatures.java;1
apache_derby;testing/org/apache/derbyTesting/functionTests/util/XATestUtil.java;1
apache_tomcat;org/apache/catalina/startup/CatalinaProperties.java;1
apache_tomcat;org/apache/catalina/core/JreMemoryLeakPreventionListener.java;1
apache_derby;testing/org/apache/derbyTesting/functionTests/harness/Sed.java;1
apache_tomcat;org/apache/tomcat/util/net/SecureNio2Channel.java;3
apache_derby;testing/org/apache/derbyTesting/functionTests/tests/jdbcapi/SURTest.java;1
apache_derby;testing/org/apache/derbyTesting/functionTests/tests/jdbc4/PreparedStatementTest.java;7
apache_tomcat;org/apache/tomcat/dbcp/pool2/impl/BaseGenericObjectPool.java;1
apache_derby;engine/org/apache/derby/impl/jdbc/EmbedConnection20.java;1
apache_derby;engine/org/apache/derby/impl/sql/compile/CastNode.java;1
apache_derby;drda/org/apache/derby/impl/drda/DRDAXAProtocol.java;1
apache_tomcat;org/apache/tomcat/util/modeler/ParameterInfo.java;3
apache_tomcat;org/apache/el/parser/AstBracketSuffix.java;1
apache_derby;engine/org/apache/derby/impl/jdbc/EmbedPreparedStatement20.java;4
apache_tomcat;org/apache/jasper/compiler/ScriptingVariabler.java;1
apache_derby;testing/org/apache/derbyTesting/functionTests/tests/junitTests/compatibility/CompatibilitySuite.java;19
apache_tomcat;org/apache/catalina/tribes/transport/WorkerThread.java;1
apache_tomcat;org/apache/naming/resources/BaseDirContext.java;4
apache_derby;testing/org/apache/derbyTesting/functionTests/tests/lang/NativeAuthenticationServiceTest.java;8
apache_derby;engine/org/apache/derby/impl/sql/execute/BaseActivation.java;3
apache_tomcat;org/apache/catalina/webresources/JarResourceSet.java;2
apache_derby;engine/org/apache/derby/iapi/sql/dictionary/SequenceDescriptor.java;1
apache_derby;engine/org/apache/derby/impl/sql/compile/MethodCallNode.java;3
apache_tomcat;org/apache/tomcat/util/http/fileupload/FileItemHeadersImpl.java;1
apache_derby;testing/org/apache/derbyTesting/functionTests/util/ProcedureTest.java;1
apache_tomcat;org/apache/catalina/deploy/ContextHandler.java;1
apache_derby;engine/org/apache/derby/impl/services/cache/ClockPolicy.java;3
apache_derby;testing/org/apache/derbyTesting/functionTests/tests/derbynet/GetCurrentPropertiesTest.java;3
apache_tomcat;org/apache/tomcat/util/net/Nio2Channel.java;2
apache_tomcat;org/apache/coyote/http11/AbstractHttp11JsseProtocol.java;8
apache_tomcat;javax/servlet/AsyncEvent.java;2
apache_derby;tools/org/apache/derby/impl/tools/cslook/DB_StoredProcedure.java;1
apache_derby;engine/org/apache/derby/iapi/jdbc/BrokeredConnection30.java;3
apache_tomcat;org/apache/catalina/websocket/StreamInbound.java;5
apache_derby;testing/org/apache/derbyTesting/functionTests/tests/jdbc4/BlobTest.java;3
apache_derby;testing/org/apache/derbyTesting/junit/IndexStatsUtil.java;4
apache_tomcat;org/apache/coyote/http11/upgrade/UpgradeAprServletInputStream.java;1
apache_tomcat;org/apache/tomcat/websocket/server/WsTimeout.java;1
apache_derby;testing/org/apache/derbyTesting/functionTests/tests/upgradeTests/Changes10_3.java;2
apache_tomcat;org/apache/tomcat/websocket/UriTemplate.java;1
apache_tomcat;org/apache/tomcat/util/net/AbstractEndpoint.java;237
apache_tomcat;org/apache/tomcat/websocket/pojo/PojoUriTemplate.java;1
apache_derby;engine/org/apache/derby/impl/services/monitor/FileMonitor.java;1
apache_tomcat;org/apache/tomcat/util/http/fileupload/Closeable.java;1
apache_derby;client/org/apache/derby/jdbc/NonJNDIClientDataSource40.java;1
apache_derby;engine/org/apache/derby/impl/sql/execute/MultiProbeTableScanResultSet.java;1
apache_derby;client/org/apache/derby/client/am/LogicalCallableStatement40.java;1
apache_derby;engine/org/apache/derby/iapi/sql/dictionary/ColumnDescriptor.java;2
apache_tomcat;org/apache/tomcat/websocket/pojo/PojoMethodMapping.java;4
apache_derby;testing/org/apache/derbyTesting/system/oe/direct/Standard.java;6
apache_tomcat;org/apache/coyote/AbstractProtocolHandler.java;104
apache_tomcat;org/apache/tomcat/util/IntrospectionUtils.java;2
apache_derby;testing/org/apache/derbyTesting/functionTests/tests/jdbcapi/ProcedureTest.java;8
apache_tomcat;org/apache/catalina/filters/RequestFilter.java;1
apache_tomcat;org/apache/catalina/ssi/ByteArrayServletOutputStream.java;1
apache_tomcat;org/apache/websocket/ClientContainerImpl.java;1
apache_derby;engine/org/apache/derby/impl/jdbc/EmbedResultSet40.java;2
apache_tomcat;org/apache/catalina/authenticator/SSLAuthenticator.java;4
apache_tomcat;org/apache/tomcat/util/bcel/classfile/JavaClass.java;1
apache_tomcat;org/apache/coyote/http11/upgrade/UpgradeNioServletInputStream.java;2
apache_derby;engine/org/apache/derby/impl/sql/compile/DDLStatementNode.java;1
apache_derby;client/org/apache/derby/client/am/ClobOutputStream.java;2
apache_tomcat;org/apache/tomcat/util/descriptor/web/FilterMap.java;2
apache_derby;engine/org/apache/derby/impl/sql/compile/GroupByList.java;1
apache_tomcat;org/apache/tomcat/util/net/jsse/JSSEUtil.java;2
apache_derby;engine/org/apache/derby/impl/sql/compile/ResultSetNode.java;2
apache_derby;engine/org/apache/derby/impl/sql/execute/rts/ResultSetStatistics.java;1
apache_tomcat;org/apache/jasper/runtime/JspRuntimeLibrary.java;1
apache_tomcat;org/apache/tomcat/util/net/SSLUtilBase.java;3
apache_tomcat;org/apache/coyote/ajp/AjpAprProtocol.java;10
apache_derby;engine/org/apache/derby/impl/sql/GenericColumnDescriptor.java;1
apache_tomcat;org/apache/catalina/loader/WebappClassLoader.java;14
apache_tomcat;org/apache/catalina/connector/CoyoteAdapter.java;5
apache_tomcat;org/apache/tomcat/util/http/fileupload/util/mime/QuotedPrintableDecoder.java;1
apache_derby;testing/org/apache/derbyTesting/functionTests/tests/jdbc4/TestConnectionMethods.java;4
apache_derby;engine/org/apache/derby/impl/store/access/conglomerate/GenericScanController.java;1
apache_derby;client/org/apache/derby/client/am/Connection.java;7
apache_derby;engine/org/apache/derby/impl/sql/compile/UpdateNode.java;3
apache_tomcat;org/apache/coyote/http11/upgrade/Nio2ServletInputStream.java;4
apache_derby;engine/org/apache/derby/iapi/types/SQLTime.java;4
apache_tomcat;org/apache/catalina/tribes/tipis/ReplicatedMap.java;1
apache_tomcat;org/apache/tomcat/websocket/WsFrameBase.java;4
apache_derby;engine/org/apache/derby/impl/sql/compile/CallStatementNode.java;1
apache_tomcat;org/apache/catalina/authenticator/jaspic/provider/modules/TomcatAuthModule.java;16
apache_derby;engine/org/apache/derby/impl/sql/compile/XMLOptTrace.java;1
apache_tomcat;org/apache/coyote/http11/Http11Protocol.java;11
apache_tomcat;org/apache/tomcat/util/scan/FileUrlNestedJar.java;1
apache_tomcat;org/apache/catalina/manager/ManagerServlet.java;5
apache_tomcat;org/apache/catalina/loader/WebappClassLoaderBase.java;8
apache_tomcat;org/apache/tomcat/websocket/pojo/PojoMessageHandlerPartialString.java;1
apache_tomcat;org/apache/catalina/authenticator/jaspic/provider/modules/SpnegoAuthModule.java;2
apache_tomcat;org/apache/tomcat/util/scan/DefaultJarScanner.java;1
apache_tomcat;org/apache/tomcat/util/threads/TaskThread.java;1
apache_tomcat;org/apache/catalina/util/MD5Encoder.java;1
apache_tomcat;org/apache/coyote/http11/InternalNioOutputBuffer.java;20
apache_tomcat;org/apache/catalina/connector/MapperListener.java;2
apache_derby;engine/org/apache/derby/impl/services/timer/SingletonTimerFactory.java;2
apache_derby;testing/org/apache/derbyTesting/junit/BaseTestCase.java;9
apache_derby;engine/org/apache/derby/impl/sql/execute/HashScanResultSet.java;4
apache_derby;testing/org/apache/derbyTesting/functionTests/tests/jdbcapi/SURBaseTest.java;1
apache_derby;testing/org/apache/derbyTesting/functionTests/tests/upgradeTests/UpgradeTester.java;3
apache_derby;engine/org/apache/derby/impl/jdbc/EmbedConnection.java;29
apache_derby;testing/org/apache/derbyTesting/functionTests/tests/lang/OuterJoinTest.java;1
apache_tomcat;org/apache/tomcat/websocket/pojo/PojoMessageHandlerBasicBinary.java;1
apache_derby;testing/org/apache/derbyTesting/unitTests/junit/StreamUtilTest.java;1
apache_tomcat;org/apache/catalina/core/ApplicationFilterConfig.java;3
apache_derby;engine/org/apache/derby/iapi/types/DataValueFactoryImpl.java;13
apache_tomcat;org/apache/coyote/http11/upgrade/AbstractServletOutputStream.java;2
apache_derby;engine/org/apache/derby/iapi/jdbc/EngineCallableStatement40.java;1
apache_derby;drda/org/apache/derby/impl/drda/DRDAConnThread.java;17
apache_tomcat;org/apache/jasper/compiler/Generator.java;12
apache_derby;client/org/apache/derby/client/am/MessageId.java;1
apache_tomcat;org/apache/tomcat/websocket/PerMessageDeflate.java;1
apache_tomcat;javax/net/websocket/Decoder.java;4
apache_derby;engine/org/apache/derby/impl/store/access/btree/index/B2I.java;4
apache_derby;engine/org/apache/derby/iapi/jdbc/BrokeredStatement.java;9
apache_tomcat;org/apache/tomcat/util/net/NioChannel.java;7
apache_derby;client/org/apache/derby/client/am/Agent.java;1
apache_derby;engine/org/apache/derby/vti/XmlVTI.java;2
apache_derby;client/org/apache/derby/client/am/LogWriter.java;2
apache_derby;testing/org/apache/derbyTesting/functionTests/tests/lang/GrantRevokeDDLTest.java;1
apache_tomcat;org/apache/catalina/webresources/WarURLConnection.java;1
apache_derby;engine/org/apache/derby/iapi/types/NumberDataType.java;6
apache_derby;testing/org/apache/derbyTesting/functionTests/tests/lang/Price.java;11
apache_derby;testing/org/apache/derbyTesting/functionTests/tests/lang/SequenceTest.java;10
apache_tomcat;org/apache/catalina/deploy/ContextEnvironment.java;1
apache_tomcat;org/apache/tomcat/util/http/parser/Cookie.java;1
apache_tomcat;org/apache/tomcat/websocket/WsProtocolHandler.java;1
apache_tomcat;org/apache/jasper/compiler/ErrorDispatcher.java;3
apache_derby;tools/org/apache/derby/impl/tools/ij/util.java;3
apache_derby;engine/org/apache/derby/impl/jdbc/authentication/LDAPAuthenticationSchemeImpl.java;1
apache_tomcat;org/apache/tomcat/util/modeler/modules/MbeansDescriptorsDigesterSource.java;2
apache_derby;testing/org/apache/derbyTesting/functionTests/tests/lang/MergeStatementTest.java;1
apache_derby;engine/org/apache/derby/impl/sql/catalog/SYSTABLESRowFactory.java;1
apache_tomcat;org/apache/catalina/deploy/SecurityConstraint.java;1
apache_tomcat;org/apache/catalina/ha/ClusterListener.java;1
apache_derby;testing/org/apache/derbyTesting/functionTests/tests/lang/DBInJarTest.java;1
apache_tomcat;org/apache/tomcat/util/res/StringManager.java;2
apache_derby;engine/org/apache/derby/jdbc/EmbeddedDataSource40.java;12
apache_tomcat;org/apache/catalina/util/IOTools.java;1
apache_derby;engine/org/apache/derby/impl/sql/GenericActivationHolder.java;3
apache_derby;engine/org/apache/derby/catalog/types/TypeDescriptorImpl.java;1
apache_tomcat;org/apache/catalina/tribes/group/interceptors/MessageDispatch15Interceptor.java;10
apache_tomcat;org/apache/tomcat/websocket/MessagePart.java;2
apache_tomcat;org/apache/catalina/tribes/group/ChannelCoordinator.java;2
apache_tomcat;org/apache/tomcat/util/net/SocketBufferHandler.java;1
apache_tomcat;org/apache/catalina/connector/CometEventImpl.java;1
apache_tomcat;org/apache/catalina/session/PersistentManagerBase.java;7
apache_derby;testing/org/apache/derbyTesting/functionTests/tests/lang/TriggerTest.java;6
apache_tomcat;org/apache/coyote/ajp/AjpAprProcessor.java;8
apache_tomcat;org/apache/catalina/connector/RequestFacade.java;2
apache_derby;engine/org/apache/derby/impl/sql/execute/InsertVTIResultSet.java;1
apache_derby;engine/org/apache/derby/iapi/services/replication/slave/SlaveFactory.java;1
apache_tomcat;org/apache/catalina/connector/Request.java;13
apache_tomcat;org/apache/tomcat/websocket/WsRemoteEndpointBasic.java;1
apache_derby;engine/org/apache/derby/impl/services/jmx/JMXManagementService.java;3
apache_derby;engine/org/apache/derby/impl/sql/compile/ColumnReference.java;2
apache_derby;tools/org/apache/derby/impl/tools/ij/utilMain.java;5
apache_derby;testing/org/apache/derbyTesting/perf/basic/jdbc/HeapScan.java;1
apache_derby;testing/org/apache/derbyTesting/functionTests/tests/jdbc4/TestPreparedStatementMethods.java;6
apache_derby;testing/org/apache/derbyTesting/junit/Decorator.java;4
apache_derby;client/org/apache/derby/client/net/NetConnection40.java;3
apache_derby;tools/org/apache/derby/impl/tools/cslook/DB_Trigger.java;1
apache_derby;engine/org/apache/derby/impl/jdbc/EmbedPreparedStatement40.java;6
apache_derby;client/org/apache/derby/client/am/Savepoint.java;1
apache_tomcat;org/apache/tomcat/util/net/URL.java;2
apache_derby;engine/org/apache/derby/jdbc/AutoloadedDriver.java;1
apache_tomcat;org/apache/tomcat/dbcp/pool2/impl/BaseObjectPoolConfig.java;1
apache_derby;testing/org/apache/derbyTesting/functionTests/tests/junitTests/compatibility/JDBCDriverTest.java;8
apache_derby;testing/org/apache/derbyTesting/functionTests/util/JDBC.java;2
apache_derby;engine/org/apache/derby/impl/sql/compile/FromSubquery.java;1
apache_derby;engine/org/apache/derby/iapi/types/SQLDate.java;3
apache_derby;engine/org/apache/derby/impl/services/monitor/BaseMonitor.java;2
apache_derby;engine/org/apache/derby/impl/store/raw/xact/XactFactory.java;4
apache_derby;engine/org/apache/derby/impl/sql/compile/InListOperatorNode.java;1
apache_derby;testing/org/apache/derbyTesting/functionTests/tests/upgradeTests/Changes10_9.java;8
apache_tomcat;org/apache/tomcat/util/http/fileupload/ServletRequestContext.java;1
apache_tomcat;org/apache/catalina/core/ApplicationContext.java;11
apache_tomcat;org/apache/catalina/cluster/CollectedInfo.java;1
apache_tomcat;org/apache/tomcat/jni/SSLContext.java;1
apache_tomcat;org/apache/jasper/compiler/TldLocationsCache.java;1
apache_tomcat;org/apache/catalina/startup/DefaultJarScanner.java;1
apache_derby;client/org/apache/derby/client/am/Clob.java;3
apache_tomcat;org/apache/coyote/http11/upgrade/UpgradeNioServletOutputStream.java;1
apache_tomcat;org/apache/catalina/core/StandardContextValve.java;7
apache_derby;engine/org/apache/derby/impl/store/raw/data/ContainerBasicOperation.java;1
apache_derby;engine/org/apache/derby/impl/jdbc/EmbedStatement.java;16
apache_derby;engine/org/apache/derby/impl/services/monitor/PersistentServiceImpl.java;1
apache_derby;engine/org/apache/derby/jdbc/EmbeddedSimpleDataSource.java;1
apache_tomcat;org/apache/tomcat/websocket/pojo/PojoMessageHandlerBasicString.java;1
apache_derby;engine/org/apache/derby/impl/sql/execute/DMLWriteResultSet.java;6
apache_tomcat;org/apache/catalina/ha/session/JvmRouteBinderValve.java;1
apache_derby;client/org/apache/derby/client/net/NetDatabaseMetaData.java;7
apache_derby;client/org/apache/derby/jdbc/ClientDataSource40.java;12
apache_tomcat;org/apache/coyote/http2/StreamError.java;1
apache_derby;testing/org/apache/derbyTesting/functionTests/tests/lang/SequenceGeneratorTest.java;1
apache_tomcat;org/apache/catalina/realm/JNDIRealm.java;16
apache_derby;engine/org/apache/derby/iapi/reference/JDBC30Translation.java;1
apache_derby;testing/org/apache/derbyTesting/junit/Utilities.java;3
apache_derby;testing/org/apache/derbyTesting/functionTests/tests/jdbcapi/CompatibilityTest.java;1
apache_derby;testing/org/apache/derbyTesting/functionTests/tests/lang/wisconsin.java;1
apache_derby;engine/org/apache/derby/iapi/sql/dictionary/TupleDescriptor.java;1
apache_tomcat;org/apache/catalina/deploy/ContextService.java;5
apache_derby;testing/org/apache/derbyTesting/functionTests/tests/jdbcapi/ClobUpdateableReaderTest.java;1
apache_derby;tools/org/apache/derby/impl/tools/cslook/DB_Check.java;1
apache_tomcat;org/apache/coyote/Response.java;3
apache_derby;engine/org/apache/derby/impl/services/bytecode/BCMethod.java;3
apache_tomcat;org/apache/websocket/WsSci.java;1
apache_tomcat;org/apache/catalina/Context.java;1
apache_tomcat;org/apache/catalina/startup/WebRuleSet.java;24
apache_derby;engine/org/apache/derby/iapi/types/SQLTimestamp.java;4
apache_tomcat;org/apache/catalina/core/ApplicationPushBuilder.java;1
apache_tomcat;org/apache/tomcat/websocket/PojoMessageHandlerBase.java;1
apache_derby;engine/org/apache/derby/impl/sql/compile/FromBaseTable.java;6
apache_derby;engine/org/apache/derby/iapi/util/InterruptStatus.java;2
apache_derby;engine/org/apache/derby/impl/services/replication/master/AsynchronousLogShipper.java;1
apache_derby;testing/org/apache/derbyTesting/functionTests/tests/lang/OffsetFetchNextTest.java;1
apache_tomcat;org/apache/tomcat/util/http/fileupload/DiskFileItemFactory.java;1
apache_tomcat;org/apache/tomcat/websocket/CaseInsensitiveKeyMap.java;1
apache_tomcat;org/apache/jasper/servlet/JspServlet.java;2
apache_derby;drda/org/apache/derby/impl/drda/NetworkServerMBeanImpl.java;7
apache_derby;engine/org/apache/derby/iapi/util/IdUtil.java;1
apache_derby;client/org/apache/derby/client/net/NetConnection.java;4
apache_tomcat;org/apache/catalina/startup/DigesterFactory.java;1
apache_tomcat;org/apache/catalina/loader/VirtualWebappLoader.java;2
apache_derby;engine/org/apache/derby/impl/sql/execute/GenericExecutionFactory.java;2
apache_derby;testing/org/apache/derbyTesting/functionTests/tests/store/InterruptResilienceTest.java;2
apache_tomcat;org/apache/tomcat/websocket/Constants.java;10
apache_derby;drda/org/apache/derby/impl/drda/DRDAStatement.java;1
apache_tomcat;org/apache/tomcat/websocket/server/UpgradeUtil.java;1
apache_derby;testing/org/apache/derbyTesting/functionTests/tests/lang/forbitdata.java;1
apache_derby;engine/org/apache/derby/impl/jdbc/Util.java;1
apache_tomcat;org/apache/catalina/authenticator/BasicAuthenticator.java;3
apache_derby;engine/org/apache/derby/iapi/jdbc/BrokeredCallableStatement40.java;4
apache_derby;testing/org/apache/derbyTesting/functionTests/tests/jdbcapi/SURDataModelSetup.java;1
apache_tomcat;org/apache/coyote/http2/AbstractStream.java;3
apache_tomcat;org/apache/catalina/authenticator/AuthenticatorBase.java;9
apache_derby;engine/org/apache/derby/iapi/sql/dictionary/SPSDescriptor.java;1
apache_derby;demo/nserverdemo/NsSample.java;1
apache_tomcat;org/apache/naming/factory/ResourceEnvFactory.java;1
apache_derby;engine/org/apache/derby/impl/jdbc/EmbedCallableStatement40.java;1
apache_tomcat;org/apache/tomcat/util/net/SSLHostConfig.java;36
apache_derby;engine/org/apache/derby/impl/store/replication/slave/SlaveController.java;1
apache_tomcat;org/apache/el/parser/AstDotSuffix.java;1
apache_derby;testing/org/apache/derbyTesting/functionTests/util/TestConfiguration.java;11
apache_tomcat;org/apache/tomcat/websocket/server/WsListener.java;1
apache_derby;testing/org/apache/derbyTesting/functionTests/tests/derbynet/NetworkServerControlClientCommandTest.java;1
apache_tomcat;org/apache/catalina/valves/rewrite/RewriteValve.java;1
apache_derby;testing/org/apache/derbyTesting/functionTests/tests/derbynet/ShutDownDBWhenNSShutsDownTest.java;1
apache_tomcat;org/apache/coyote/http11/upgrade/UpgradeServletInputStream.java;4
apache_derby;client/org/apache/derby/client/am/ParameterMetaData.java;1
apache_derby;client/org/apache/derby/client/am/Statement.java;16
apache_tomcat;org/apache/tomcat/util/descriptor/web/SecurityConstraint.java;2
apache_derby;engine/org/apache/derby/impl/jdbc/EmbedSavepoint30.java;1
apache_tomcat;org/apache/jasper/servlet/JspServletWrapper.java;1
apache_derby;engine/org/apache/derby/impl/jdbc/LOBStreamControl.java;4
apache_tomcat;javax/net/websocket/SendHandler.java;1
apache_derby;client/org/apache/derby/client/am/ClientResultSet.java;1
apache_tomcat;org/apache/tomcat/util/net/jsse/JSSE14Support.java;1
apache_tomcat;org/apache/coyote/http11/AbstractHttp11Processor.java;59
apache_derby;testing/org/apache/derbyTesting/functionTests/tests/compatibility/VersionCombinationConfigurator.java;1
apache_derby;drda/org/apache/derby/impl/drda/EXTDTAInputStream.java;1
apache_tomcat;javax/websocket/EndpointConfiguration.java;1
apache_tomcat;javax/websocket/ClientEndpointConfigurator.java;1
apache_derby;engine/org/apache/derby/impl/store/raw/data/RAFContainer4.java;9
apache_derby;testing/org/apache/derbyTesting/junit/SystemPropertyTestSetup.java;1
apache_tomcat;org/apache/tomcat/util/http/fileupload/Streams.java;1
apache_derby;engine/org/apache/derby/impl/sql/compile/UnaryComparisonOperatorNode.java;1
apache_tomcat;org/apache/catalina/authenticator/jaspic/provider/modules/FormAuthModule.java;17
apache_derby;client/org/apache/derby/jdbc/ClientBaseDataSource.java;6
apache_tomcat;org/apache/catalina/core/StandardServer.java;2
apache_derby;engine/org/apache/derby/impl/jdbc/EmbedPreparedStatement.java;35
apache_derby;engine/org/apache/derby/impl/services/locks/SinglePool.java;3
apache_tomcat;org/apache/catalina/webresources/AbstractResource.java;1
apache_derby;testing/org/apache/derbyTesting/functionTests/tests/store/BootLockTest.java;1
apache_tomcat;org/apache/coyote/http2/StreamStateMachine.java;16
apache_tomcat;org/apache/tomcat/util/scan/JarFileUrlNestedJar.java;1
apache_tomcat;org/apache/catalina/valves/JDBCAccessLogValve.java;1
apache_derby;build/org/apache/derbyBuild/ODBCMetadataGenerator.java;1
apache_tomcat;org/apache/tomcat/websocket/PojoEndpointConfiguration.java;2
apache_tomcat;org/apache/tomcat/util/buf/B2CConverter.java;8
apache_derby;engine/org/apache/derby/impl/sql/compile/OrderByColumn.java;2
apache_derby;engine/org/apache/derby/iapi/store/access/BackingStoreHashtable.java;5
apache_tomcat;org/apache/catalina/core/AprLifecycleListener.java;8
apache_tomcat;org/apache/catalina/realm/CombinedRealm.java;2
apache_tomcat;org/apache/coyote/spdy/SpdyProcessor.java;6
apache_derby;engine/org/apache/derby/iapi/types/SQLDouble.java;1
apache_derby;demo/toursdb/insertMaps.java;1
apache_derby;testing/org/apache/derbyTesting/functionTests/tests/lang/largeCodeGen.java;6
apache_derby;engine/org/apache/derby/iapi/reference/JDBC20Translation.java;1
apache_derby;testing/org/apache/derbyTesting/functionTests/tests/lang/LangScripts.java;1
apache_derby;testing/org/apache/derbyTesting/functionTests/tests/store/BaseTest.java;7
apache_tomcat;org/apache/catalina/core/StandardPart.java;1
apache_tomcat;org/apache/tomcat/util/net/SNIExtractor.java;3
apache_tomcat;org/apache/coyote/http11/upgrade/NioServletOutputStream.java;1
apache_derby;engine/org/apache/derby/impl/sql/compile/MergeNode.java;9
apache_tomcat;org/apache/tomcat/websocket/server/WsRemoteEndpointServer.java;5
apache_tomcat;org/apache/catalina/deploy/ServletDef.java;1
apache_derby;engine/org/apache/derby/iapi/error/ExceptionSeverity.java;1
apache_tomcat;org/apache/catalina/storeconfig/InterceptorSF.java;1
apache_derby;engine/org/apache/derby/iapi/services/replication/master/MasterFactory.java;1
apache_derby;engine/org/apache/derby/iapi/types/DataTypeDescriptor.java;2
apache_derby;engine/org/apache/derby/impl/sql/compile/SubqueryList.java;1
apache_derby;testing/org/apache/derbyTesting/functionTests/tests/replicationTests/ReplicationRun_Local_1.java;1
apache_tomcat;org/apache/catalina/webresources/AbstractArchiveResource.java;6
apache_tomcat;org/apache/tomcat/util/descriptor/web/FragmentJarScannerCallback.java;1
apache_derby;engine/org/apache/derby/impl/services/replication/master/MasterController.java;2
apache_tomcat;org/apache/catalina/core/StandardContext.java;30
apache_tomcat;org/apache/catalina/websocket/Utf8Decoder.java;1
apache_derby;engine/org/apache/derby/jdbc/NonJNDIEmbeddedDataSource40.java;1
apache_derby;testing/org/apache/derbyTesting/functionTests/tests/memorydb/MogTest.java;1
apache_derby;testing/org/apache/derbyTesting/functionTests/tests/tools/ImportExportBaseTest.java;4
apache_tomcat;org/apache/coyote/http11/filters/ChunkedInputFilter.java;3
apache_derby;engine/org/apache/derby/impl/services/replication/ReplicationLogger.java;1
apache_derby;engine/org/apache/derby/iapi/types/SQLReal.java;1
apache_tomcat;org/apache/catalina/servlets/CGIServlet.java;2
apache_derby;testing/org/apache/derbyTesting/functionTests/util/corruptio/CorruptBaseStorageFactory.java;1
apache_derby;engine/org/apache/derby/impl/services/replication/buffer/ReplicationLogBuffer.java;1
apache_tomcat;org/apache/coyote/http11/upgrade/UpgradeAprProcessor.java;1
apache_derby;testing/org/apache/derbyTesting/functionTests/tests/jdbc4/Derby3650Test.java;1
apache_derby;testing/org/apache/derbyTesting/functionTests/tests/replicationTests/ReplicationRun_Local_StateTest_part2.java;6
apache_derby;client/org/apache/derby/client/net/UTF32BEEncodedInputStream.java;1
apache_tomcat;org/apache/catalina/deploy/ContextLocalEjb.java;1
apache_tomcat;javax/net/websocket/HandshakeResponse.java;1
apache_tomcat;org/apache/naming/resources/VirtualDirContext.java;3
apache_tomcat;org/apache/coyote/AbstractProcessor.java;68
apache_derby;testing/org/apache/derbyTesting/functionTests/tests/lang/DeadlockDetectionTest.java;1
apache_tomcat;org/apache/websocket/Util.java;1
apache_tomcat;org/apache/catalina/tribes/group/interceptors/MessageDispatchInterceptor.java;10
apache_derby;engine/org/apache/derby/impl/sql/compile/WindowFunctionColumnNode.java;4
apache_tomcat;org/apache/coyote/http11/Http11Nio2Processor.java;5
apache_derby;testing/org/apache/derbyTesting/system/oe/test/OperationsTester.java;2
apache_derby;engine/org/apache/derby/iapi/services/context/ErrorStringBuilder.java;1
apache_derby;testing/org/apache/derbyTesting/functionTests/tests/lang/ResultSetsFromPreparedStatementTest.java;10
apache_tomcat;org/apache/catalina/connector/CoyoteOutputStream.java;1
apache_derby;engine/org/apache/derby/catalog/types/ReferencedColumnsDescriptorImpl.java;1
apache_tomcat;org/apache/jasper/el/ELResolverImpl.java;1
apache_derby;engine/org/apache/derby/jdbc/Driver169.java;1
apache_tomcat;org/apache/coyote/Request.java;2
apache_tomcat;org/apache/catalina/ha/session/DeltaSession.java;6
apache_tomcat;org/apache/tomcat/websocket/pojo/PojoEndpointServer.java;2
apache_derby;engine/org/apache/derby/jdbc/InternalDriver.java;3
apache_derby;testing/org/apache/derbyTesting/functionTests/tests/jdbcapi/StatementJdbc30Test.java;1
apache_derby;engine/org/apache/derby/iapi/types/SQLDecimal.java;8
apache_tomcat;org/apache/coyote/ajp/AbstractAjpProtocol.java;55
apache_tomcat;org/apache/coyote/http11/upgrade/UpgradeNioProcessor.java;2
apache_tomcat;org/apache/tomcat/websocket/WsRemoteEndpointClient.java;1
apache_derby;engine/org/apache/derby/iapi/types/DataType.java;8
apache_derby;engine/org/apache/derby/impl/store/access/btree/LeafControlRow.java;1
apache_derby;testing/org/apache/derbyTesting/functionTests/util/SecurityManagerSetup.java;1
apache_tomcat;org/apache/catalina/startup/WebAnnotationSet.java;4
apache_derby;engine/org/apache/derby/impl/jdbc/ClobUpdateableReader.java;2
apache_tomcat;javax/servlet/http/HttpServletRequestWrapper.java;1
apache_tomcat;org/apache/coyote/AbstractProtocol.java;24
apache_derby;engine/org/apache/derby/jdbc/EmbeddedXADataSource.java;1
apache_derby;engine/org/apache/derby/security/SystemPermission.java;1
apache_tomcat;org/apache/catalina/tribes/util/Arrays.java;1
apache_tomcat;org/apache/jasper/JspC.java;3
apache_tomcat;org/apache/tomcat/util/descriptor/web/WebXml.java;2
apache_tomcat;org/apache/PeriodicEventListener.java;1
apache_derby;engine/org/apache/derby/impl/services/replication/net/SlaveAddress.java;1
apache_derby;testing/org/apache/derbyTesting/functionTests/tests/storetests/st_reclaim_longcol.java;3
apache_derby;engine/org/apache/derby/impl/sql/execute/UpdateResultSet.java;4
apache_derby;testing/org/apache/derbyTesting/functionTests/tests/jdbcapi/StatementPoolingTest.java;36
apache_derby;testing/org/apache/derbyTesting/functionTests/tests/lang/InListMultiProbeTest.java;4
apache_derby;engine/org/apache/derby/impl/store/raw/data/PageBasicOperation.java;1
apache_tomcat;org/apache/catalina/mbeans/ContainerMBean.java;2
apache_derby;engine/org/apache/derby/impl/services/replication/net/ReplicationMessage.java;1
apache_tomcat;org/apache/jasper/el/ELContextImpl.java;1
apache_tomcat;org/apache/coyote/http11/AbstractInputBuffer.java;6
apache_tomcat;org/apache/tomcat/util/net/jsse/JSSESocketFactory.java;11
apache_derby;stubs/jdbc3/java/sql/DataTruncation.java;1218
apache_derby;testing/org/apache/derbyTesting/functionTests/tests/jdbcapi/DboPowersTest.java;5
apache_derby;testing/org/apache/derbyTesting/system/oe/direct/StatementHelper.java;1
apache_derby;engine/org/apache/derby/iapi/services/loader/ClassInspector.java;1
apache_tomcat;org/apache/catalina/authenticator/jaspic/provider/modules/DigestAuthModule.java;4
apache_derby;testing/org/apache/derbyTesting/functionTests/tests/jdbcapi/SURQueryMixTest.java;1
apache_tomcat;org/apache/tomcat/websocket/WsRemoteEndpointImplClient.java;2
apache_tomcat;org/apache/tomcat/websocket/pojo/PojoMessageHandlerAsyncBinary.java;1
apache_derby;client/org/apache/derby/client/am/ResultSet.java;23
apache_tomcat;org/apache/catalina/tribes/transport/bio/BioReceiver.java;1
apache_tomcat;org/apache/tomcat/websocket/PojoMessageHandlerBasicString.java;1
apache_derby;testing/org/apache/derbyTesting/functionTests/tests/upgradeTests/BasicSetup.java;24
apache_derby;testing/org/apache/derbyTesting/functionTests/tests/jdbcapi/XATest.java;1
apache_tomcat;org/apache/catalina/tribes/transport/bio/BioReplicationThread.java;1
apache_derby;testing/org/apache/derbyTesting/functionTests/tests/jdbcapi/BatchUpdateTest.java;3
apache_derby;testing/org/apache/derbyTesting/functionTests/tests/jdbcapi/Derby5165Test.java;2
apache_tomcat;org/apache/catalina/webresources/AbstractArchiveResourceSet.java;6
apache_derby;testing/org/apache/derbyTesting/functionTests/harness/FileCompare.java;1
apache_derby;testing/org/apache/derbyTesting/functionTests/tests/upgradeTests/Changes10_4.java;2
apache_derby;client/org/apache/derby/client/am/PreparedStatement40.java;9
apache_derby;engine/org/apache/derby/impl/load/ExportWriteData.java;1
apache_tomcat;org/apache/tomcat/websocket/server/WsHandshakeRequest.java;1
apache_tomcat;org/apache/coyote/ajp/AjpNioProcessor.java;15
apache_derby;engine/org/apache/derby/impl/sql/compile/QueryTreeNode.java;16
apache_tomcat;javax/websocket/PingMessage.java;1
apache_tomcat;javax/el/ImportHandler.java;4
apache_tomcat;org/apache/catalina/valves/AccessLogValve.java;38
apache_tomcat;org/apache/catalina/core/StandardPipeline.java;1
apache_derby;engine/org/apache/derby/jdbc/NonJNDIEmbeddedXADataSource40.java;1
apache_tomcat;org/apache/tomcat/websocket/WsPingMessage.java;1
apache_derby;testing/org/apache/derbyTesting/functionTests/tests/lang/DatabaseClassLoadingTest.java;4
apache_derby;stubs/jdbc4/javax/sql/ConnectionEvent.java;4882
apache_tomcat;org/apache/catalina/webresources/JarWarResourceSet.java;1
apache_tomcat;org/apache/catalina/webresources/AbstractFileResourceSet.java;1
apache_tomcat;org/apache/coyote/http11/upgrade/UpgradeProcessor.java;2
apache_tomcat;org/apache/catalina/webresources/StandardRoot.java;13
apache_tomcat;org/apache/tomcat/websocket/PojoMessageHandlerAsyncBinary.java;1
apache_tomcat;org/apache/tomcat/websocket/PojoMessageHandlerBasicBinary.java;1
apache_tomcat;org/apache/catalina/storeconfig/RealmSF.java;1
apache_derby;testing/org/apache/derbyTesting/junit/DerbyVersion.java;2
apache_derby;engine/org/apache/derby/impl/sql/compile/JoinNode.java;1
apache_tomcat;org/apache/tomcat/websocket/PojoMessageHandlerBasicBase.java;1
apache_derby;testing/org/apache/derbyTesting/functionTests/tests/lang/UpdateStatisticsTest.java;1
apache_derby;engine/org/apache/derby/jdbc/EmbeddedDriver.java;1
apache_derby;engine/org/apache/derby/impl/services/cache/ConcurrentCache.java;6
apache_tomcat;org/apache/catalina/websocket/MessageInbound.java;1
apache_tomcat;org/apache/naming/resources/ResourceAttributes.java;2
apache_derby;engine/org/apache/derby/impl/sql/execute/SetConstraintsConstantAction.java;1
apache_tomcat;org/apache/catalina/session/ManagerBase.java;36
apache_derby;engine/org/apache/derby/impl/jdbc/ConnectionChild.java;2
apache_tomcat;org/apache/tomcat/util/net/NioBlockingSelector.java;2
apache_tomcat;org/apache/catalina/startup/Tomcat.java;6
apache_derby;engine/org/apache/derby/iapi/services/io/ArrayInputStream.java;1
apache_derby;engine/org/apache/derby/impl/sql/conn/GenericAuthorizer.java;1
apache_derby;testing/org/apache/derbyTesting/functionTests/tests/lang/TableFunctionTest.java;2
apache_tomcat;org/apache/tomcat/spdy/SpdyContext.java;1
apache_tomcat;org/apache/tomcat/util/http/mapper/MappingData.java;1
apache_derby;stubs/jdbc4/java/sql/SQLWarning.java;1225
apache_derby;engine/org/apache/derby/vti/Restriction.java;6
apache_tomcat;org/apache/catalina/tribes/transport/AbstractRxTask.java;2
apache_tomcat;org/apache/tomcat/util/http/LegacyCookieProcessor.java;1
apache_derby;engine/org/apache/derby/impl/services/bytecode/CodeChunk.java;2
apache_tomcat;org/apache/catalina/startup/XmlErrorHandler.java;1
apache_tomcat;org/apache/catalina/startup/HostConfig.java;9
apache_derby;engine/org/apache/derby/impl/store/raw/xact/InternalXact.java;1
apache_derby;client/org/apache/derby/client/am/LogicalStatementEntity.java;1
apache_derby;engine/org/apache/derby/iapi/sql/dictionary/ConstraintDescriptor.java;1
apache_tomcat;org/apache/coyote/http11/upgrade/UpgradeAprServletOutputStream.java;1
apache_derby;drda/org/apache/derby/impl/drda/DRDAResultSet.java;1
apache_derby;testing/org/apache/derbyTesting/functionTests/tests/upgradeTests/PhaseChanger.java;1
apache_derby;engine/org/apache/derby/iapi/services/i18n/MessageService.java;1
apache_derby;testing/org/apache/derbyTesting/junit/XADataSourceConnector.java;1
apache_derby;engine/org/apache/derby/impl/sql/compile/FromList.java;1
apache_tomcat;org/apache/coyote/http11/Http11Processor.java;47
apache_tomcat;org/apache/catalina/CometEvent.java;1
apache_tomcat;org/apache/catalina/deploy/ContextEjb.java;1
apache_derby;testing/org/apache/derbyTesting/junit/DataSourceConnector.java;1
apache_derby;engine/org/apache/derby/impl/sql/conn/SQLSessionContextImpl.java;1
apache_derby;testing/org/apache/derbyTesting/functionTests/tests/upgradeTests/UpgradeRun.java;2
apache_derby;tools/org/apache/derby/impl/tools/cslook/DB_Jar.java;1
apache_tomcat;org/apache/coyote/http11/Http11OutputBuffer.java;3
apache_derby;testing/org/apache/derbyTesting/functionTests/tests/lang/ProcedureInTriggerTest.java;1
apache_derby;testing/org/apache/derbyTesting/functionTests/tests/management/MBeanTest.java;6
apache_tomcat;org/apache/catalina/tribes/transport/nio/NioSender.java;2
apache_tomcat;org/apache/catalina/ant/jmx/JMXAccessorQueryTask.java;1
apache_derby;engine/org/apache/derby/iapi/services/sanity/SanityManager.java;1
apache_tomcat;org/apache/coyote/http11/upgrade/NioUpgradeServletInputStream.java;1
apache_derby;client/org/apache/derby/client/net/NetCursor.java;4
apache_derby;testing/org/apache/derbyTesting/functionTests/tests/jdbc4/UnsupportedVetter.java;1
apache_derby;engine/org/apache/derby/impl/sql/depend/BasicDependencyManager.java;6
apache_tomcat;org/apache/tomcat/websocket/PojoEndpoint.java;1
apache_derby;drda/org/apache/derby/impl/drda/EbcdicCcsidManager.java;4
apache_derby;engine/org/apache/derby/iapi/jdbc/BrokeredStatement40.java;3
apache_derby;testing/org/apache/derbyTesting/junit/DriverManagerConnector.java;3
apache_derby;testing/org/apache/derbyTesting/functionTests/tests/jdbcapi/DataSourceReferenceTest.java;1
apache_derby;engine/org/apache/derby/impl/sql/conn/GenericStatementContext.java;1
apache_tomcat;org/apache/el/stream/Stream.java;1
apache_derby;testing/org/apache/derbyTesting/functionTests/tests/jdbcapi/resultset.java;3
apache_derby;engine/org/apache/derby/impl/jdbc/EmbedCallableStatement.java;9
apache_tomcat;org/apache/tomcat/util/buf/MessageBytes.java;1
apache_tomcat;org/apache/catalina/deploy/ContextTransaction.java;1
apache_derby;testing/org/apache/derbyTesting/functionTests/tests/jdbcapi/CharacterStreamsTest.java;1
apache_tomcat;javax/net/websocket/CloseReason.java;1
apache_tomcat;org/apache/jasper/compiler/AntCompiler.java;1
apache_derby;testing/org/apache/derbyTesting/junit/CleanDatabaseTestSetup.java;1
apache_derby;tools/org/apache/derby/iapi/tools/run.java;1
apache_tomcat;org/apache/catalina/core/ApplicationMapping.java;1
apache_derby;stubs/jdbc4/java/sql/Date.java;1225
apache_tomcat;org/apache/tomcat/util/scan/Jar.java;1
apache_tomcat;org/apache/catalina/storeconfig/StandardEngineSF.java;1
apache_derby;client/org/apache/derby/jdbc/ClientDriver.java;1
apache_tomcat;org/apache/juli/FileHandler.java;2
apache_derby;engine/org/apache/derby/impl/sql/execute/TriggerInfo.java;1
apache_derby;testing/org/apache/derbyTesting/functionTests/tests/jdbc4/TestJDBC40Exception.java;2
apache_tomcat;org/apache/catalina/connector/Connector.java;22
apache_tomcat;org/apache/jasper/servlet/TldScanner.java;2
apache_tomcat;org/apache/naming/resources/FileDirContext.java;6
apache_derby;engine/org/apache/derby/impl/sql/execute/DependentResultSet.java;4
apache_derby;testing/org/apache/derbyTesting/junit/BaseJDBCTestSetup.java;1
apache_tomcat;org/apache/catalina/valves/FastCommonAccessLogValve.java;1
apache_derby;engine/org/apache/derby/impl/store/raw/log/LogAccessFile.java;5
apache_tomcat;org/apache/tomcat/websocket/WsRemoteEndpointAsync.java;1
apache_tomcat;org/apache/el/parser/ELParser.java;15
apache_tomcat;org/apache/naming/factory/ResourceFactory.java;1
apache_tomcat;org/apache/coyote/http11/upgrade/AprServletInputStream.java;4
apache_tomcat;org/apache/catalina/deploy/JspPropertyGroup.java;2
apache_derby;tools/org/apache/derby/tools/URLCheck.java;2
apache_derby;client/org/apache/derby/jdbc/ClientDataSource.java;45
apache_tomcat;org/apache/catalina/ha/deploy/UndeployMessage.java;1
apache_tomcat;org/apache/catalina/tribes/transport/ReceiverBase.java;6
apache_derby;testing/org/apache/derbyTesting/functionTests/tests/upgradeTests/Changes10_8.java;20
apache_derby;testing/org/apache/derbyTesting/functionTests/tests/store/TestDurabilityProperty.java;1
apache_tomcat;org/apache/coyote/http11/upgrade/NioServletInputStream.java;1
apache_derby;engine/org/apache/derby/impl/sql/execute/TableScanResultSet.java;10
apache_tomcat;org/apache/catalina/filters/RemoteIpFilter.java;4
apache_tomcat;org/apache/catalina/CometProcessor.java;1
apache_derby;testing/org/apache/derbyTesting/functionTests/tests/lang/NoDBInternalsPermissionTest.java;1
apache_derby;engine/org/apache/derby/impl/jdbc/RawToBinaryFormatStream.java;1
apache_derby;testing/org/apache/derbyTesting/junit/LocaleTestSetup.java;2
apache_derby;testing/org/apache/derbyTesting/functionTests/tests/lang/RestrictedVTITest.java;1
apache_tomcat;org/apache/catalina/core/ApplicationPart.java;1
apache_tomcat;org/apache/catalina/deploy/InjectionTarget.java;1
apache_derby;engine/org/apache/derby/impl/sql/compile/NewInvocationNode.java;1
apache_tomcat;org/apache/catalina/util/LifecycleBase.java;5
apache_tomcat;org/apache/catalina/deploy/SecurityRoleRef.java;1
apache_tomcat;org/apache/catalina/deploy/NamingResources.java;2
apache_tomcat;org/apache/catalina/util/DOMWriter.java;2
apache_derby;engine/org/apache/derby/impl/jdbc/SQLExceptionFactory40.java;1
apache_derby;engine/org/apache/derby/impl/sql/compile/NodeFactoryImpl.java;1
apache_derby;tools/org/apache/derby/impl/tools/optional/OptimizerTracer.java;1
apache_tomcat;org/apache/catalina/authenticator/jaspic/provider/modules/BasicAuthModule.java;7
apache_tomcat;org/apache/catalina/realm/MessageDigestCredentialHandler.java;5
apache_derby;engine/org/apache/derby/impl/jdbc/EmbedResultSet20.java;37
apache_tomcat;org/apache/catalina/authenticator/SingleSignOn.java;2
apache_derby;client/org/apache/derby/client/net/Request.java;4
apache_derby;testing/org/apache/derbyTesting/functionTests/tests/derbynet/NetworkServerControlApiTest.java;25
apache_tomcat;org/apache/tomcat/websocket/pojo/UriTemplate.java;1
apache_derby;engine/org/apache/derby/impl/jdbc/TemporaryClob.java;1
apache_tomcat;org/apache/coyote/http11/upgrade/UpgradeProcessorExternal.java;3
apache_tomcat;org/apache/tomcat/websocket/pojo/PojoMessageHandlerBasicBase.java;1
apache_tomcat;org/apache/jasper/compiler/Mark.java;1
apache_derby;testing/org/apache/derbyTesting/junit/JDBC.java;10
apache_derby;engine/org/apache/derby/impl/store/replication/net/ReplicationMessageReceive.java;1
apache_tomcat;org/apache/tomcat/util/buf/UDecoder.java;4
apache_tomcat;org/apache/tomcat/websocket/pojo/Constants.java;2
apache_derby;testing/org/apache/derbyTesting/functionTests/tests/lang/DateTimeTest.java;1
apache_derby;engine/org/apache/derby/impl/store/access/btree/BTreeScan.java;7
apache_derby;engine/org/apache/derby/iapi/types/SQLChar.java;10
apache_derby;engine/org/apache/derby/impl/sql/compile/Predicate.java;1
apache_tomcat;org/apache/catalina/realm/JDBCRealm.java;2
apache_derby;testing/org/apache/derbyTesting/functionTests/tests/compatibility/Pinger.java;1
apache_tomcat;javax/servlet/HttpFilter.java;1
apache_tomcat;org/apache/coyote/http11/InternalNio2OutputBuffer.java;6
apache_derby;demo/nserverdemo/SimpleNetworkClientSample.java;2
apache_tomcat;org/apache/tomcat/dbcp/pool2/BaseKeyedPooledObjectFactory.java;1
apache_derby;testing/org/apache/derbyTesting/functionTests/tests/lang/UDTTest.java;3
apache_tomcat;org/apache/tomcat/util/file/Matcher.java;1
apache_tomcat;javax/net/websocket/EndpointConfiguration.java;1
apache_derby;engine/org/apache/derby/impl/sql/execute/DDLSingleTableConstantAction.java;1
apache_derby;engine/org/apache/derby/impl/sql/execute/ScanResultSet.java;16
apache_derby;engine/org/apache/derby/impl/jdbc/authentication/BasicAuthenticationServiceImpl.java;1
apache_derby;engine/org/apache/derby/jdbc/ReferenceableDataSource.java;3
apache_tomcat;org/apache/catalina/storeconfig/StandardContextSF.java;1
apache_derby;engine/org/apache/derby/jdbc/EmbeddedDataSource.java;1
apache_tomcat;org/apache/catalina/deploy/MultipartDef.java;1
apache_tomcat;org/apache/tomcat/util/buf/C2BConverter.java;1
apache_tomcat;org/apache/catalina/CometFilterChain.java;1
apache_tomcat;org/apache/jasper/JspCompilationContext.java;3
apache_tomcat;org/apache/tomcat/websocket/server/WsFrameServer.java;1
apache_tomcat;org/apache/coyote/http11/AbstractNioInputBuffer.java;1
apache_derby;engine/org/apache/derby/impl/sql/catalog/DataDictionaryImpl.java;25
apache_derby;testing/org/apache/derbyTesting/functionTests/tests/jdbc4/TestQueryObject.java;1
apache_derby;engine/org/apache/derby/impl/store/raw/xact/TransactionTable.java;1
apache_tomcat;org/apache/catalina/webresources/Cache.java;5
apache_derby;testing/org/apache/derbyTesting/functionTests/tests/derbynet/NetIjTests.java;1
apache_tomcat;org/apache/jasper/runtime/JspContextWrapper.java;2
apache_tomcat;javax/websocket/server/ServerApplicationConfiguration.java;1
apache_tomcat;org/apache/coyote/ajp/AjpProtocol.java;6
apache_derby;client/org/apache/derby/client/am/Cursor.java;11
apache_tomcat;org/apache/catalina/security/SecurityUtil.java;1
apache_tomcat;org/apache/catalina/webresources/JarResourceRoot.java;1
apache_tomcat;org/apache/catalina/storeconfig/ConnectorSF.java;2
apache_derby;engine/org/apache/derby/impl/sql/compile/ValueNode.java;5
apache_derby;engine/org/apache/derby/iapi/types/XML.java;1
apache_tomcat;org/apache/jasper/util/ExceptionUtils.java;1
apache_tomcat;org/apache/catalina/authenticator/jaspic/JaspicAuthenticator.java;1
apache_derby;client/org/apache/derby/jdbc/ClientConnectionPoolDataSource.java;3
apache_derby;client/org/apache/derby/client/am/PreparedStatement.java;24
apache_tomcat;org/apache/catalina/ha/session/SessionIDMessage.java;2
apache_tomcat;org/apache/catalina/startup/WebXml.java;7
apache_tomcat;org/apache/coyote/http11/upgrade/ServletInputStreamImpl.java;1
apache_tomcat;org/apache/tomcat/websocket/WebSocketContainerImpl.java;1
apache_tomcat;org/apache/tomcat/util/http/parser/HttpParser2.java;3
apache_derby;testing/org/apache/derbyTesting/functionTests/tests/jdbc4/ConnectionMethodsTest.java;1
apache_tomcat;org/apache/catalina/websocket/WsOutbound.java;2
apache_tomcat;org/apache/tomcat/spdy/SpdyContextJni.java;2
apache_tomcat;org/apache/coyote/http2/Http2Protocol.java;4
apache_derby;engine/org/apache/derby/impl/store/raw/data/InitPageOperation.java;1
apache_tomcat;javax/websocket/MessageHandler.java;2
apache_derby;client/org/apache/derby/client/am/DatabaseMetaData.java;13
apache_tomcat;javax/servlet/http/HttpServlet.java;2
apache_derby;engine/org/apache/derby/iapi/types/SQLBlob.java;2
apache_derby;engine/org/apache/derby/impl/sql/compile/UserAggregateDefinition.java;1
apache_tomcat;javax/el/ExpressionFactory.java;1
apache_tomcat;org/apache/coyote/http11/Http11NioProtocol.java;28
apache_tomcat;org/apache/tomcat/util/net/AbstractJsseEndpoint.java;28
apache_derby;engine/org/apache/derby/impl/jdbc/EmbedConnection40.java;10
apache_tomcat;org/apache/tomcat/util/modeler/modules/MbeansDescriptorsIntrospectionSource.java;1
apache_tomcat;org/apache/tomcat/spdy/SpdyFrame.java;5
apache_tomcat;org/apache/el/parser/Token.java;1
apache_derby;drda/org/apache/derby/impl/drda/Database.java;2
apache_tomcat;org/apache/tomcat/websocket/server/ServerContainerImpl.java;2
apache_derby;stubs/jdbc4/java/sql/SQLPermission.java;4882
apache_tomcat;org/apache/catalina/WebResourceTraceWrapper.java;1
apache_tomcat;org/apache/tomcat/util/modeler/OperationInfo.java;1
apache_derby;engine/org/apache/derby/impl/sql/execute/DMLWriteGeneratedColumnsResultSet.java;11
apache_tomcat;org/apache/catalina/webresources/JarResource.java;5
apache_derby;drda/org/apache/derby/impl/drda/DDMWriter.java;5
apache_derby;testing/org/apache/derbyTesting/junit/SecurityManagerSetup.java;3
apache_derby;engine/org/apache/derby/impl/sql/compile/DefaultOptTrace.java;1
apache_tomcat;org/apache/catalina/connector/AsyncContextImpl.java;1
apache_tomcat;org/apache/coyote/http11/InternalAprInputBuffer.java;2
apache_tomcat;org/apache/tomcat/websocket/PojoMessageHandlerBasicPong.java;1
apache_derby;engine/org/apache/derby/iapi/reference/Limits.java;2
apache_tomcat;org/apache/catalina/valves/RequestFilterValve.java;2
apache_tomcat;org/apache/catalina/ha/tcp/ReplicationValve.java;2
apache_derby;engine/org/apache/derby/impl/jdbc/UpdateableBlobStream.java;1
apache_tomcat;org/apache/catalina/core/StandardHost.java;1
apache_derby;client/org/apache/derby/client/am/SqlException.java;3
apache_derby;engine/org/apache/derby/impl/sql/compile/BinaryRelationalOperatorNode.java;3
apache_tomcat;org/apache/tomcat/websocket/WsSci.java;1
apache_derby;testing/org/apache/derbyTesting/functionTests/tests/jdbcapi/savepointJdbc30.java;1
apache_derby;engine/org/apache/derby/iapi/sql/dictionary/RoleDescriptor.java;1
apache_tomcat;org/apache/jasper/compiler/BeanRepository.java;1
apache_derby;engine/org/apache/derby/jdbc/XATransactionState.java;1
apache_derby;engine/org/apache/derby/impl/store/access/btree/BTreeMaxScan.java;1
apache_derby;testing/org/apache/derbyTesting/functionTests/tests/lang/TimeHandlingTest.java;8
apache_derby;testing/org/apache/derbyTesting/functionTests/tests/jdbcapi/lobStreams.java;2
apache_derby;engine/org/apache/derby/iapi/error/SQLWarningFactory.java;2
apache_derby;testing/org/apache/derbyTesting/functionTests/util/BaseTestCase.java;3
apache_derby;stubs/jdbc4/java/sql/BatchUpdateException.java;1225
apache_tomcat;javax/net/websocket/Encoder.java;4
apache_derby;testing/org/apache/derbyTesting/functionTests/tests/management/VersionMBeanTest.java;1
apache_tomcat;org/apache/catalina/deploy/ApplicationListener.java;3
apache_tomcat;org/apache/catalina/tribes/tipis/LazyReplicatedMap.java;1
apache_tomcat;org/apache/tomcat/util/net/Nio2Endpoint.java;64
apache_tomcat;org/apache/tomcat/util/http/parser/MediaType.java;2
apache_tomcat;org/apache/catalina/storeconfig/ChannelSF.java;1
apache_tomcat;javax/net/websocket/SendResult.java;1
apache_derby;client/org/apache/derby/client/am/ClobWriter.java;4
apache_derby;engine/org/apache/derby/impl/jdbc/ClobStreamControl.java;1
apache_derby;testing/org/apache/derbyTesting/functionTests/tests/jdbcapi/LDAPAuthenticationTest.java;1
apache_derby;engine/org/apache/derby/impl/jdbc/authentication/AuthenticationServiceBase.java;9
apache_tomcat;org/apache/catalina/storeconfig/StandardServiceSF.java;1
apache_derby;engine/org/apache/derby/iapi/jdbc/BrokeredConnection40.java;2
apache_derby;testing/org/apache/derbyTesting/functionTests/tests/replicationTests/ReplicationRun.java;27
apache_tomcat;org/apache/coyote/ajp/AjpNio2Processor.java;2
apache_derby;engine/org/apache/derby/iapi/types/CharStreamHeaderGenerator.java;1
apache_derby;engine/org/apache/derby/impl/sql/compile/ResultColumn.java;4
apache_derby;engine/org/apache/derby/impl/sql/execute/GenericTriggerExecutor.java;1
apache_tomcat;org/apache/catalina/authenticator/jaspic/PrincipalGroupCallback.java;1
apache_derby;testing/org/apache/derbyTesting/functionTests/util/PrivilegedFileOpsForTests.java;2
apache_derby;stubs/jdbc4/javax/sql/RowSetEvent.java;1218
apache_derby;testing/org/apache/derbyTesting/functionTests/tests/jdbcapi/URCoveringIndexTest.java;1
apache_tomcat;org/apache/tomcat/dbcp/pool2/BasePooledObjectFactory.java;1
apache_tomcat;org/apache/catalina/websocket/WsFrame.java;3
apache_derby;testing/org/apache/derbyTesting/functionTests/tests/tools/derbyrunjartest.java;2
apache_tomcat;org/apache/coyote/http11/upgrade/UpgradeBioProcessor.java;1
apache_derby;tools/org/apache/derby/impl/tools/cslook/DB_Table.java;1
apache_derby;stubs/jsr169/java/sql/Time.java;7
apache_derby;engine/org/apache/derby/impl/sql/execute/ReferencedKeyRIChecker.java;2
apache_derby;engine/org/apache/derby/impl/services/replication/slave/SlaveController.java;4
apache_tomcat;org/apache/tomcat/util/http/fileupload/FileUploadBase.java;2
apache_derby;engine/org/apache/derby/impl/jdbc/EmbedBlob.java;4
apache_tomcat;org/apache/catalina/startup/RealmRuleSet.java;1
apache_derby;tools/org/apache/derby/impl/tools/cslook/Logs.java;1
apache_derby;engine/org/apache/derby/impl/jdbc/EmbedDatabaseMetaData40.java;2
apache_tomcat;org/apache/catalina/valves/FastAccessLogValve.java;23
apache_derby;engine/org/apache/derby/impl/sql/execute/DMLVTIResultSet.java;1
apache_derby;testing/org/apache/derbyTesting/functionTests/tests/derbynet/testconnection.java;3
apache_derby;engine/org/apache/derby/iapi/jdbc/BrokeredConnection.java;3
apache_derby;testing/org/apache/derbyTesting/functionTests/harness/RunTest.java;1
apache_derby;client/org/apache/derby/client/net/ClientJDBCObjectFactoryImpl.java;1
apache_derby;testing/org/apache/derbyTesting/functionTests/harness/NetServer.java;1
apache_tomcat;org/apache/catalina/session/StandardSession.java;8
apache_derby;client/org/apache/derby/client/am/LOBStateTracker.java;1
apache_tomcat;org/apache/catalina/mapper/Mapper.java;11
apache_tomcat;org/apache/catalina/startup/Catalina.java;3
apache_derby;testing/org/apache/derbyTesting/functionTests/tests/jdbc4/ClosedObjectTest.java;2
apache_tomcat;org/apache/catalina/core/ApplicationFilterFactory.java;1
apache_tomcat;org/apache/catalina/storeconfig/PersistentManagerSF.java;1
apache_derby;testing/org/apache/derbyTesting/functionTests/tests/derbynet/NSSecurityMechanismTest.java;1
apache_tomcat;org/apache/catalina/tribes/transport/RxTaskPool.java;3
apache_derby;testing/org/apache/derbyTesting/junit/SpawnedProcess.java;3
apache_derby;testing/org/apache/derbyTesting/functionTests/tests/lang/StringArrayVTI.java;2
apache_derby;testing/org/apache/derbyTesting/functionTests/tests/derbynet/SecureServerTest.java;1
apache_derby;engine/org/apache/derby/impl/store/raw/xact/Xact.java;2
apache_derby;testing/org/apache/derbyTesting/functionTests/tests/tools/dblook_test.java;2
apache_derby;engine/org/apache/derby/impl/sql/compile/HalfOuterJoinNode.java;1
apache_tomcat;org/apache/jasper/compiler/Validator.java;1
apache_derby;testing/org/apache/derbyTesting/functionTests/testData/serializedDataSources/SerializeDataSources.java;1
apache_tomcat;org/apache/coyote/ByteBufferHolder.java;1
apache_tomcat;org/apache/catalina/webresources/CachedResource.java;2
apache_derby;engine/org/apache/derby/impl/sql/execute/DeferredConstraintsMemory.java;3
apache_tomcat;org/apache/coyote/http11/InternalInputBuffer.java;5
apache_derby;engine/org/apache/derby/impl/sql/execute/UpdateConstantAction.java;3
apache_tomcat;org/apache/tomcat/websocket/PojoMethodMapping.java;2
apache_tomcat;org/apache/coyote/ajp/AjpNio2Protocol.java;1
apache_tomcat;org/apache/catalina/util/RequestUtil.java;11
apache_derby;engine/org/apache/derby/iapi/types/SQLBoolean.java;1
apache_tomcat;org/apache/tomcat/util/net/SocketWrapper.java;13
apache_tomcat;org/apache/el/lang/ELArithmetic.java;3
apache_derby;engine/org/apache/derby/iapi/sql/dictionary/TableDescriptor.java;2
apache_derby;client/org/apache/derby/client/am/ClientStatement.java;2
apache_derby;engine/org/apache/derby/impl/sql/compile/ValueNodeList.java;1
apache_tomcat;org/apache/catalina/realm/DataSourceRealm.java;1
apache_derby;engine/org/apache/derby/impl/sql/compile/ParserImpl.java;1
apache_tomcat;org/apache/catalina/ha/session/BackupManager.java;9
apache_derby;engine/org/apache/derby/impl/jdbc/ReaderToUTF8Stream.java;1
apache_derby;engine/org/apache/derby/impl/sql/conn/GenericLanguageConnectionFactory.java;2
apache_tomcat;org/apache/tomcat/util/Diagnostics.java;2
apache_derby;testing/org/apache/derbyTesting/functionTests/tests/jdbcapi/ConcurrencyTest.java;1
apache_derby;client/org/apache/derby/client/am/CallableStatement.java;55
apache_tomcat;org/apache/catalina/authenticator/NonLoginAuthenticator.java;3
apache_derby;engine/org/apache/derby/authentication/SystemPrincipal.java;1
apache_tomcat;org/apache/catalina/tribes/util/StringManager.java;2
apache_tomcat;org/apache/tomcat/util/http/SetCookieSupport.java;8
apache_derby;engine/org/apache/derby/catalog/TriggerOldTransitionRows.java;2
apache_derby;engine/org/apache/derby/impl/sql/compile/ResultColumnList.java;5
apache_derby;testing/org/apache/derbyTesting/functionTests/tests/upgradeTests/Changes10_2.java;3
apache_derby;stubs/jdbc4/java/sql/Timestamp.java;1218
apache_tomcat;org/apache/catalina/valves/CometConnectionManagerValve.java;1
apache_tomcat;org/apache/tomcat/websocket/pojo/PojoMessageHandlerAsyncString.java;1
apache_tomcat;org/apache/coyote/http11/upgrade/AbstractServletInputStream.java;1
apache_derby;engine/org/apache/derby/iapi/sql/dictionary/AliasDescriptor.java;1
apache_tomcat;org/apache/coyote/http11/filters/FlushableGZIPOutputStream.java;2
apache_tomcat;org/apache/tomcat/util/net/JIoEndpoint.java;47
apache_derby;testing/org/apache/derbyTesting/functionTests/tests/jdbc4/StatementEventsTest.java;3
apache_tomcat;org/apache/coyote/http2/Stream.java;15
apache_tomcat;org/apache/tomcat/util/descriptor/tld/TldResourcePath.java;1
apache_tomcat;org/apache/coyote/ajp/AjpNioProtocol.java;3
apache_tomcat;javax/websocket/ContainerProvider.java;1
apache_derby;engine/org/apache/derby/impl/services/cache/BackgroundCleaner.java;1
apache_tomcat;org/apache/tomcat/spdy/SpdyContextProxy.java;1
apache_derby;engine/org/apache/derby/iapi/jdbc/BrokeredPreparedStatement40.java;5
apache_tomcat;org/apache/coyote/ajp/AjpMessage.java;3
apache_tomcat;org/apache/coyote/Constants.java;4
apache_tomcat;org/apache/tomcat/util/net/openssl/CipherSuiteConverter.java;1
apache_tomcat;org/apache/catalina/tribes/transport/nio/NioReceiver.java;6
apache_derby;testing/org/apache/derbyTesting/system/oe/run/Schema.java;1
apache_tomcat;org/apache/tomcat/websocket/WsEndpointPojo.java;1
apache_derby;engine/org/apache/derby/impl/services/replication/net/ReplicationMessageReceive.java;2
apache_tomcat;org/apache/catalina/webresources/WarURLStreamHandler.java;1
apache_derby;engine/org/apache/derby/iapi/jdbc/BrokeredPreparedStatement.java;2
apache_derby;testing/org/apache/derbyTesting/functionTests/tests/derbynet/SuicideOfStreaming.java;2
apache_derby;engine/org/apache/derby/impl/sql/execute/IndexColumnOrder.java;1
apache_derby;stubs/jdbc4/java/sql/Time.java;1218
apache_derby;testing/org/apache/derbyTesting/functionTests/util/TestUtil.java;4
apache_tomcat;org/apache/jasper/compiler/JspReader.java;3
apache_derby;testing/org/apache/derbyTesting/functionTests/tests/lang/AlterTableTest.java;2
apache_tomcat;org/apache/jasper/compiler/Compiler.java;2
apache_derby;client/org/apache/derby/client/net/NetXAConnection.java;8
apache_tomcat;javax/net/websocket/ContainerProvider.java;1
apache_tomcat;org/apache/coyote/http11/upgrade/Nio2ServletOutputStream.java;2
apache_derby;testing/org/apache/derbyTesting/functionTests/tests/jdbcapi/AutoGenJDBC30Test.java;2
apache_tomcat;org/apache/tomcat/websocket/PathParam.java;1
apache_derby;testing/org/apache/derbyTesting/functionTests/tests/lang/GeneratedColumnsTest.java;1
apache_tomcat;org/apache/websocket/ServerContainerImpl.java;1
apache_tomcat;org/apache/tomcat/util/net/openssl/OpenSSLUtil.java;5
apache_tomcat;org/apache/tomcat/websocket/WsSession.java;11
apache_derby;testing/org/apache/derbyTesting/functionTests/tests/store/ClobReclamationTest.java;1
apache_tomcat;org/apache/tomcat/util/http/fileupload/servlet/ServletRequestContext.java;1
apache_tomcat;org/apache/tomcat/util/threads/LimitLatch.java;1
apache_tomcat;org/apache/catalina/startup/CredentialHandlerRuleSet.java;1
apache_derby;stubs/jdbc4/java/sql/SQLException.java;1218
apache_tomcat;org/apache/jasper/compiler/TagPluginManager.java;2
apache_derby;storeless/org/apache/derby/impl/storeless/EmptyDictionary.java;1
apache_derby;testing/org/apache/derbyTesting/functionTests/tests/lang/CollationTest.java;11
apache_derby;testing/org/apache/derbyTesting/functionTests/tests/lang/ScrollCursors2Test.java;1
apache_derby;testing/org/apache/derbyTesting/junit/BaseJDBCTestCase.java;15
apache_derby;engine/org/apache/derby/impl/store/access/btree/BranchControlRow.java;2
apache_derby;testing/org/apache/derbyTesting/functionTests/tests/lang/NullIfTest.java;4
apache_derby;testing/org/apache/derbyTesting/functionTests/util/DerbyJUnitTest.java;19
apache_derby;stubs/jsr169/java/sql/Timestamp.java;7
apache_derby;testing/org/apache/derbyTesting/functionTests/tests/jdbcapi/UpdateXXXTest.java;2
apache_derby;engine/org/apache/derby/impl/load/ImportReadData.java;1
apache_tomcat;org/apache/catalina/security/SecurityClassLoad.java;2
apache_tomcat;org/apache/tomcat/util/net/SSLImplementation.java;1
apache_tomcat;org/apache/tomcat/util/http/fileupload/ServletFileUpload.java;1
apache_tomcat;org/apache/coyote/http11/Http11NioProcessor.java;20
apache_derby;stubs/jsr169/java/sql/SQLException.java;7
apache_tomcat;org/apache/tomcat/util/net/openssl/ciphers/CipherSuiteConverter.java;1
apache_derby;client/org/apache/derby/jdbc/ClientXADataSource.java;3
apache_tomcat;org/apache/catalina/core/StandardHostValve.java;7
apache_tomcat;org/apache/catalina/authenticator/DigestAuthenticator.java;6
apache_tomcat;org/apache/tomcat/util/net/openssl/OpenSSLEngine.java;5
apache_derby;client/org/apache/derby/jdbc/NonJNDIClientXADataSource40.java;1
apache_tomcat;org/apache/catalina/deploy/ApplicationParameter.java;1
apache_tomcat;org/apache/catalina/storeconfig/NamingResourcesSF.java;1
apache_tomcat;org/apache/InstanceManager.java;1
apache_derby;testing/org/apache/derbyTesting/functionTests/tests/engine/ErrorStreamTest.java;1
apache_derby;engine/org/apache/derby/impl/sql/compile/TableElementList.java;5
apache_tomcat;org/apache/tomcat/dbcp/pool2/BaseObjectPool.java;1
apache_tomcat;org/apache/catalina/mbeans/ServerLifecycleListener.java;1
apache_derby;engine/org/apache/derby/impl/sql/execute/CreateAliasConstantAction.java;1
apache_tomcat;org/apache/tomcat/util/bcel/classfile/FastDataInputStream.java;7
apache_derby;testing/org/apache/derbyTesting/functionTests/tests/jdbcapi/metadata.java;1
apache_derby;engine/org/apache/derby/impl/db/BasicDatabase.java;1
apache_tomcat;org/apache/jasper/compiler/Node.java;2
apache_tomcat;org/apache/catalina/core/StandardEngine.java;3
apache_derby;testing/org/apache/derbyTesting/system/oe/load/SimpleInsert.java;3
apache_tomcat;org/apache/catalina/storeconfig/StandardServerSF.java;1
apache_derby;testing/org/apache/derbyTesting/functionTests/util/CleanDatabaseTestSetup.java;1
apache_derby;testing/org/apache/derbyTesting/functionTests/tests/jdbcapi/AutoloadTest.java;1
apache_derby;testing/org/apache/derbyTesting/functionTests/tests/memory/ConnectionHandlingJunit.java;1
apache_tomcat;org/apache/coyote/http11/Http11AprProcessor.java;19
apache_derby;engine/org/apache/derby/impl/sql/compile/SelectNode.java;1
apache_derby;testing/org/apache/derbyTesting/functionTests/tests/replicationTests/ReplicationRun_Local.java;4
apache_derby;tools/org/apache/derby/impl/tools/sysinfo/Main.java;2
apache_tomcat;org/apache/catalina/util/UriUtil.java;1
apache_tomcat;org/apache/catalina/ha/tcp/SimpleTcpCluster.java;2
apache_tomcat;org/apache/catalina/connector/CoyoteInputStream.java;1
apache_tomcat;org/apache/catalina/ha/session/SimpleTcpReplicationManager.java;2
apache_tomcat;org/apache/catalina/deploy/FilterMap.java;2
apache_derby;testing/org/apache/derbyTesting/functionTests/util/BaseJDBCTestCase.java;7
apache_tomcat;org/apache/coyote/ajp/Constants.java;2
apache_derby;build/org/apache/derbyBuild/GeneratorBase.java;2
apache_derby;engine/org/apache/derby/impl/jdbc/EmbedDatabaseMetaData.java;16
apache_derby;client/org/apache/derby/client/am/Utils.java;1
apache_derby;engine/org/apache/derby/jdbc/Driver20.java;2
apache_tomcat;org/apache/tomcat/util/buf/ByteChunk.java;4
apache_derby;tools/org/apache/derby/impl/tools/dblook/DB_Alias.java;1
apache_tomcat;javax/servlet/http/ProtocolHandler.java;1
apache_derby;engine/org/apache/derby/impl/sql/catalog/SYSCOLPERMSRowFactory.java;1
apache_tomcat;org/apache/coyote/http11/InternalNio2InputBuffer.java;1
apache_derby;engine/org/apache/derby/impl/sql/catalog/DD_Version.java;1
apache_derby;testing/org/apache/derbyTesting/functionTests/harness/jvm.java;1
apache_derby;testing/org/apache/derbyTesting/functionTests/tests/jdbc4/ParameterMetaDataWrapperTest.java;1
apache_derby;engine/org/apache/derby/iapi/sql/compile/OptimizerPlan.java;1
apache_tomcat;org/apache/tomcat/util/net/SendfileDataBase.java;12
apache_derby;engine/org/apache/derby/impl/sql/GenericParameter.java;1
apache_tomcat;org/apache/catalina/connector/Response.java;12
apache_derby;testing/org/apache/derbyTesting/functionTests/tests/derbynet/dataSourcePermissions_net.java;1
apache_derby;engine/org/apache/derby/impl/store/raw/log/LogToFile.java;6
apache_tomcat;org/apache/tomcat/websocket/PojoMessageHandlerAsyncBase.java;1
apache_tomcat;org/apache/coyote/http11/AbstractOutputBuffer.java;21
apache_derby;engine/org/apache/derby/impl/sql/compile/OptimizerImpl.java;4
apache_derby;engine/org/apache/derby/impl/sql/compile/IndexToBaseRowNode.java;1
apache_tomcat;org/apache/tomcat/websocket/server/WsSci.java;1
apache_derby;engine/org/apache/derby/impl/io/DirStorageFactory4.java;1
apache_derby;engine/org/apache/derby/impl/sql/compile/CreateTriggerNode.java;4
apache_derby;engine/org/apache/derby/impl/jdbc/EmbedCallableStatement20.java;8
apache_derby;engine/org/apache/derby/impl/sql/GenericPreparedStatement.java;6
apache_tomcat;org/apache/tomcat/util/modeler/Registry.java;1
apache_tomcat;org/apache/tomcat/util/threads/ThreadPoolExecutor.java;2
apache_derby;testing/org/apache/derbyTesting/junit/DatabasePropertyTestSetup.java;3
apache_derby;engine/org/apache/derby/impl/sql/compile/Level2OptimizerImpl.java;1
apache_derby;tools/org/apache/derby/impl/tools/cslook/DB_View.java;1
apache_tomcat;org/apache/tomcat/websocket/pojo/PojoMessageHandlerAsyncBase.java;1
apache_tomcat;org/apache/tomcat/util/net/SecureNioChannel.java;7
apache_derby;testing/org/apache/derbyTesting/functionTests/tests/jdbc4/AbortTest.java;3
apache_derby;testing/org/apache/derbyTesting/functionTests/tests/jdbcapi/resultsetStream.java;1
apache_tomcat;org/apache/catalina/realm/UserDatabaseRealm.java;2
apache_tomcat;org/apache/el/lang/ELSupport.java;2
apache_tomcat;org/apache/coyote/http11/Constants.java;2
apache_tomcat;org/apache/catalina/util/LifecycleMBeanBase.java;1
apache_derby;testing/org/apache/derbyTesting/functionTests/tests/lang/SpillHash.java;1
apache_derby;testing/org/apache/derbyTesting/functionTests/suites/AllPackages.java;2
apache_derby;engine/org/apache/derby/impl/store/raw/RawStore.java;5
apache_derby;testing/org/apache/derbyTesting/functionTests/tests/i18n/UrlLocaleTest.java;2
apache_derby;tools/org/apache/derby/tools/JDBCDisplayUtil.java;9
apache_tomcat;org/apache/coyote/http11/filters/ChunkedOutputFilter.java;1
apache_tomcat;org/apache/catalina/tribes/group/interceptors/StaticMembershipInterceptor.java;2
apache_tomcat;org/apache/juli/ClassLoaderLogManager.java;2
apache_derby;engine/org/apache/derby/iapi/util/StringUtil.java;1
apache_tomcat;org/apache/catalina/storeconfig/SenderSF.java;1
apache_tomcat;org/apache/coyote/http11/upgrade/UpgradeBioServletOutputStream.java;1
apache_tomcat;org/apache/tomcat/websocket/pojo/PojoMessageHandlerWholeString.java;1
apache_tomcat;org/apache/catalina/tribes/group/interceptors/TcpFailureDetector.java;1
apache_derby;client/org/apache/derby/client/am/CallableStatement40.java;3
apache_tomcat;org/apache/naming/factory/TransactionFactory.java;1
apache_derby;engine/org/apache/derby/iapi/types/ReaderToUTF8Stream.java;1
apache_derby;testing/org/apache/derbyTesting/functionTests/tests/jdbcapi/BlobClob4BlobTest.java;8
apache_tomcat;org/apache/catalina/realm/MemoryRealm.java;1
apache_derby;client/org/apache/derby/client/net/NetLogWriter.java;1
apache_tomcat;org/apache/catalina/manager/JMXProxyServlet.java;2
apache_derby;testing/org/apache/derbyTesting/functionTests/tests/jdbcapi/AuthenticationTest.java;3
apache_derby;engine/org/apache/derby/impl/store/access/conglomerate/QualifierUtil.java;1
apache_tomcat;org/apache/catalina/realm/GenericPrincipal.java;1
apache_derby;engine/org/apache/derby/iapi/sql/dictionary/ViewDescriptor.java;1
apache_derby;testing/org/apache/derbyTesting/functionTests/tests/jdbcapi/testRelative.java;4
apache_tomcat;org/apache/catalina/util/Introspection.java;1
apache_tomcat;org/apache/catalina/startup/Bootstrap.java;2
apache_tomcat;org/apache/coyote/http11/Http11AprProtocol.java;21
apache_derby;shared/org/apache/derby/shared/common/io/DynamicByteArrayOutputStream.java;1
apache_tomcat;org/apache/catalina/webresources/FileResource.java;4
apache_tomcat;org/apache/tomcat/util/net/NioEndpoint.java;192
apache_tomcat;org/apache/jasper/compiler/JspRuntimeContext.java;4
apache_derby;engine/org/apache/derby/impl/services/replication/master/LogShipper.java;1
apache_derby;engine/org/apache/derby/impl/sql/compile/MatchingClauseNode.java;4
apache_derby;engine/org/apache/derby/iapi/sql/dictionary/TriggerDescriptor.java;5
apache_derby;testing/org/apache/derbyTesting/unitTests/junit/DerbyVersionTest.java;2
apache_tomcat;org/apache/catalina/core/DummyRequest.java;1
apache_derby;testing/org/apache/derbyTesting/functionTests/tests/derbynet/runtimeinfo.java;1
apache_tomcat;org/apache/catalina/startup/ClassLoaderFactory.java;1
apache_tomcat;org/apache/catalina/ha/deploy/FileMessage.java;1
apache_tomcat;org/apache/catalina/storeconfig/StoreDescription.java;4
apache_derby;engine/org/apache/derby/impl/sql/execute/AlterTableConstantAction.java;5
apache_derby;engine/org/apache/derby/iapi/services/info/Version.java;1
apache_derby;client/org/apache/derby/client/am/Version.java;2
apache_tomcat;org/apache/catalina/session/JDBCStore.java;4
apache_tomcat;org/apache/catalina/core/ContainerBase.java;14
apache_tomcat;org/apache/tomcat/util/descriptor/web/SecurityCollection.java;1
apache_tomcat;org/apache/tomcat/util/security/ConcurrentMessageDigest.java;1
apache_derby;engine/org/apache/derby/impl/sql/compile/DMLModStatementNode.java;1
apache_derby;engine/org/apache/derby/impl/load/ImportBlob.java;7
apache_derby;client/org/apache/derby/jdbc/ClientDriver40.java;1
apache_derby;testing/org/apache/derbyTesting/functionTests/tests/derbynet/sysinfo.java;2
apache_derby;stubs/jdbc4/java/sql/DriverManager.java;1541
apache_derby;testing/org/apache/derbyTesting/junit/SQLUtilities.java;1
apache_tomcat;javax/net/websocket/DecodeException.java;1
apache_tomcat;org/apache/tomcat/websocket/Util.java;9
apache_derby;testing/org/apache/derbyTesting/system/oe/run/Populate.java;2
apache_tomcat;org/apache/catalina/deploy/NamingResourcesImpl.java;1
apache_tomcat;org/apache/tomcat/util/scan/FileUrlJar.java;1
apache_derby;engine/org/apache/derby/impl/sql/execute/ScrollInsensitiveResultSet.java;1
apache_tomcat;org/apache/tomcat/util/net/AprEndpoint.java;98
apache_derby;testing/org/apache/derbyTesting/functionTests/tests/tools/SysinfoCPCheckTest.java;1
apache_tomcat;org/apache/jasper/runtime/PageContextImpl.java;3
apache_derby;engine/org/apache/derby/jdbc/EmbedXAConnection.java;6
apache_derby;testing/org/apache/derbyTesting/functionTests/tests/lang/CollationTest2.java;8
apache_derby;testing/org/apache/derbyTesting/functionTests/tests/jdbc4/CallableStatementTest.java;2
apache_tomcat;org/apache/jasper/compiler/TagFileProcessor.java;1
apache_tomcat;org/apache/catalina/cluster/HeartbeatListener.java;1
apache_derby;engine/org/apache/derby/impl/sql/execute/DDLConstantAction.java;2
apache_derby;testing/org/apache/derbyTesting/functionTests/suites/EncryptionSuite.java;1
apache_derby;engine/org/apache/derby/impl/services/cache/Clock.java;1
apache_tomcat;org/apache/coyote/http2/ConnectionError.java;1
apache_derby;testing/org/apache/derbyTesting/functionTests/tests/store/Derby5234Test.java;3
apache_tomcat;org/apache/tomcat/util/net/SSLHostConfigCertificate.java;12
apache_tomcat;org/apache/coyote/http11/upgrade/UpgradeServletOutputStream.java;3
apache_tomcat;org/apache/coyote/http11/InternalOutputBuffer.java;3
apache_tomcat;org/apache/coyote/http2/ConnectionSettings.java;1
apache_tomcat;javax/el/MethodExpression.java;1
apache_derby;testing/org/apache/derbyTesting/junit/ConnectionPoolDataSourceConnector.java;2
apache_derby;engine/org/apache/derby/impl/sql/compile/GroupByNode.java;3
apache_derby;testing/org/apache/derbyTesting/functionTests/tests/store/CryptoCrashRecoveryTest.java;2
apache_derby;testing/org/apache/derbyTesting/functionTests/tests/store/ReEncryptCrashRecovery.java;1
apache_derby;engine/org/apache/derby/impl/services/monitor/TopService.java;1
apache_derby;testing/org/apache/derbyTesting/functionTests/tests/jdbc4/ResultSetTest.java;22
apache_derby;engine/org/apache/derby/impl/sql/GenericResultDescription.java;1
apache_derby;engine/org/apache/derby/impl/sql/compile/FromVTI.java;1
apache_derby;testing/org/apache/derbyTesting/functionTests/harness/HandleResult.java;1
apache_derby;testing/org/apache/derbyTesting/system/optimizer/RunLangTest.java;1
apache_tomcat;org/apache/el/util/ReflectionUtil.java;1
apache_tomcat;org/apache/tomcat/util/net/SocketWrapperBase.java;54
apache_tomcat;org/apache/coyote/http11/Http11Nio2Protocol.java;9
apache_tomcat;org/apache/coyote/http2/Http2UpgradeHandler.java;24
apache_derby;shared/org/apache/derby/shared/common/reference/SQLState.java;1
apache_derby;testing/org/apache/derbyTesting/functionTests/util/SystemPropertyTestSetup.java;1
apache_derby;engine/org/apache/derby/iapi/services/context/ShutdownException.java;1
apache_derby;engine/org/apache/derby/impl/sql/catalog/DDColumnDependableFinder.java;1
apache_derby;testing/org/apache/derbyTesting/functionTests/tests/upgradeTests/Changes10_5.java;2
apache_tomcat;org/apache/catalina/core/StandardWrapper.java;11
apache_tomcat;org/apache/catalina/realm/RealmBase.java;5
apache_derby;engine/org/apache/derby/impl/services/replication/net/ReplicationMessageTransmit.java;2
apache_derby;testing/org/apache/derbyTesting/functionTests/tests/jdbcapi/ClosedObjectTest.java;2
apache_tomcat;org/apache/catalina/manager/HTMLManagerServlet.java;3
apache_tomcat;org/apache/tomcat/util/http/fileupload/LimitedInputStream.java;1
apache_tomcat;org/apache/coyote/http11/upgrade/UpgradeBioServletInputStream.java;1
apache_derby;testing/org/apache/derbyTesting/functionTests/tests/jdbcapi/checkDataSource.java;1
apache_tomcat;org/apache/tomcat/util/modeler/AttributeInfo.java;3
apache_tomcat;org/apache/tomcat/util/descriptor/web/JspPropertyGroup.java;2
apache_tomcat;org/apache/tomcat/dbcp/pool2/impl/LinkedBlockingDeque.java;1
apache_tomcat;org/apache/coyote/http2/Http2Parser.java;7
apache_tomcat;org/apache/catalina/deploy/MessageDestination.java;1
apache_tomcat;org/apache/tomcat/util/codec/binary/BaseNCodec.java;2
apache_derby;testing/org/apache/derbyTesting/functionTests/tests/jdbcapi/Wrapper42DBMD.java;1
apache_tomcat;org/apache/coyote/AbstractProcessorLight.java;8
apache_tomcat;org/apache/tomcat/websocket/WsRemoteEndpointImplBase.java;9
apache_derby;engine/org/apache/derby/impl/store/raw/data/FileContainer.java;3
apache_derby;client/org/apache/derby/client/am/ClobLocatorWriter.java;2
apache_derby;testing/org/apache/derbyTesting/functionTests/tests/lang/RolesConferredPrivilegesTest.java;1
apache_tomcat;org/apache/catalina/tribes/transport/nio/ParallelNioSender.java;1
apache_derby;client/org/apache/derby/jdbc/ClientXADataSource40.java;12
apache_derby;testing/org/apache/derbyTesting/functionTests/tests/jdbcapi/J2EEDataSourceTest.java;3
apache_tomcat;org/apache/catalina/tribes/transport/bio/MultipointBioSender.java;1
apache_derby;engine/org/apache/derby/impl/sql/compile/SimpleStringOperatorNode.java;1
apache_derby;engine/org/apache/derby/impl/sql/catalog/SYSROUTINEPERMSRowFactory.java;1
apache_tomcat;org/apache/catalina/realm/LockOutRealm.java;5
apache_derby;engine/org/apache/derby/impl/sql/catalog/SYSTRIGGERSRowFactory.java;1
apache_derby;testing/org/apache/derbyTesting/junit/NetworkServerTestSetup.java;6
apache_tomcat;org/apache/tomcat/websocket/WsServlet.java;1
apache_tomcat;org/apache/catalina/tribes/transport/nio/NioReplicationThread.java;1
apache_derby;testing/org/apache/derbyTesting/functionTests/tests/upgradeTests/Changes10_6.java;5
apache_tomcat;org/apache/catalina/tribes/io/ReplicationStream.java;1
apache_derby;engine/org/apache/derby/jdbc/EmbeddedConnectionPoolDataSource40.java;13
apache_derby;testing/org/apache/derbyTesting/functionTests/tests/jdbc4/StatementTest.java;3
apache_derby;testing/org/apache/derbyTesting/functionTests/tests/lang/Test_6496.java;2
apache_tomcat;org/apache/catalina/startup/UserConfig.java;5
apache_tomcat;org/apache/tomcat/dbcp/dbcp2/BasicDataSourceFactory.java;1
apache_derby;client/org/apache/derby/client/am/LogicalDatabaseMetaData40.java;1
apache_tomcat;org/apache/tomcat/util/modeler/FeatureInfo.java;6
apache_derby;testing/org/apache/derbyTesting/functionTests/tests/junitTests/derbyNet/CompatibilityTest.java;1
apache_derby;engine/org/apache/derby/impl/sql/execute/CreateSchemaConstantAction.java;1
apache_derby;engine/org/apache/derby/impl/sql/compile/UnaryOperatorNode.java;2
apache_tomcat;org/apache/catalina/servlets/WebdavServlet.java;9
apache_tomcat;org/apache/coyote/http2/StreamProcessor.java;30
apache_tomcat;org/apache/tomcat/util/threads/CounterLatch.java;1
apache_tomcat;org/apache/catalina/ha/authenticator/ClusterSingleSignOn.java;2
apache_derby;engine/org/apache/derby/impl/sql/compile/CursorNode.java;2
apache_derby;engine/org/apache/derby/impl/store/raw/data/BaseContainerHandle.java;1
apache_derby;engine/org/apache/derby/impl/store/raw/data/RAFContainer.java;6
apache_derby;testing/org/apache/derbyTesting/junit/JDBCDataSource.java;1
apache_tomcat;org/apache/tomcat/util/http/Cookies.java;2
apache_derby;tools/org/apache/derby/impl/tools/cslook/DB_Schema.java;1
apache_tomcat;org/apache/tomcat/websocket/PojoUriTemplate.java;1
apache_derby;engine/org/apache/derby/impl/services/replication/buffer/LogBufferElement.java;1
apache_derby;engine/org/apache/derby/impl/store/raw/data/BaseDataFileFactory.java;1
apache_derby;engine/org/apache/derby/impl/jdbc/EmbedSQLException.java;2
apache_tomcat;org/apache/tomcat/util/descriptor/tld/Tag.java;1
apache_derby;engine/org/apache/derby/impl/services/locks/LockSpace.java;1
apache_tomcat;org/apache/coyote/http2/ConnectionSettingsRemote.java;12
apache_tomcat;org/apache/tomcat/util/http/Parameters.java;2
apache_derby;engine/org/apache/derby/impl/store/access/btree/index/B2IRowLocking3.java;1
apache_tomcat;org/apache/catalina/deploy/SecurityCollection.java;1
apache_derby;engine/org/apache/derby/impl/services/replication/slave/ReplicationLogScan.java;2
apache_derby;client/org/apache/derby/jdbc/ClientConnectionPoolDataSource40.java;12
apache_derby;engine/org/apache/derby/impl/sql/execute/InsertResultSet.java;16
apache_derby;engine/org/apache/derby/impl/services/reflect/JarFile.java;1
apache_tomcat;org/apache/catalina/ha/session/DeltaManager.java;19
apache_tomcat;org/apache/tomcat/util/bcel/classfile/StackMapType.java;1
apache_tomcat;org/apache/tomcat/util/buf/UEncoder.java;2
apache_tomcat;org/apache/catalina/deploy/FilterDef.java;1
apache_derby;testing/org/apache/derbyTesting/functionTests/tests/derbynet/ServerPropertiesTest.java;1
apache_derby;engine/org/apache/derby/impl/store/access/btree/ControlRow.java;6
apache_derby;engine/org/apache/derby/iapi/error/ShutdownException.java;1
apache_tomcat;org/apache/tomcat/spdy/SpdyConnection.java;3
apache_derby;testing/org/apache/derbyTesting/functionTests/tests/memorydb/BasicInMemoryDbTest.java;3
apache_derby;testing/org/apache/derbyTesting/functionTests/tests/jdbc4/SetObjectUnsupportedTest.java;1
apache_tomcat;org/apache/catalina/core/DefaultInstanceManager.java;2
apache_derby;stubs/jdbc3/java/sql/DriverManager.java;1541
apache_derby;testing/org/apache/derbyTesting/functionTests/tests/jdbc4/AutoloadTest.java;2
apache_derby;engine/org/apache/derby/iapi/services/classfile/ClassInvestigator.java;1
apache_tomcat;org/apache/el/parser/AstValue.java;2
apache_derby;testing/org/apache/derbyTesting/functionTests/tests/jdbcapi/ParameterMappingTest.java;3
apache_derby;engine/org/apache/derby/impl/sql/catalog/TabInfoImpl.java;3
apache_derby;testing/org/apache/derbyTesting/functionTests/tests/lang/TriggerWhenClauseTest.java;1
apache_tomcat;javax/el/Util.java;4
apache_derby;engine/org/apache/derby/impl/sql/catalog/SYSTABLEPERMSRowFactory.java;1
apache_tomcat;org/apache/coyote/AsyncStateMachine.java;5
apache_tomcat;org/apache/tomcat/util/descriptor/LocalResolver.java;1
apache_tomcat;org/apache/catalina/websocket/WsInputStream.java;4
apache_derby;client/org/apache/derby/client/am/Types.java;1
apache_tomcat;org/apache/jasper/compiler/JavacErrorDetail.java;1
apache_tomcat;org/apache/tomcat/websocket/PojoMessageHandlerAsyncString.java;1
apache_tomcat;javax/net/websocket/MessageHandler.java;1
apache_derby;engine/org/apache/derby/iapi/services/property/PropertyUtil.java;1
apache_derby;shared/org/apache/derby/shared/common/io/InputStreamUtil.java;1
apache_derby;testing/org/apache/derbyTesting/functionTests/tests/derbynet/Utf8CcsidManagerTest.java;2
apache_derby;client/org/apache/derby/client/am/LogicalConnection40.java;2
apache_tomcat;org/apache/jasper/servlet/JspCServletContext.java;3
apache_tomcat;org/apache/coyote/http2/ConnectionSettingsBase.java;19
apache_derby;engine/org/apache/derby/iapi/sql/execute/ExecutionContext.java;7
apache_derby;engine/org/apache/derby/impl/sql/compile/ConcatenationOperatorNode.java;1
apache_tomcat;org/apache/catalina/realm/DigestCredentialHandlerBase.java;1
apache_derby;testing/org/apache/derbyTesting/junit/JDBCPerfTestCase.java;1
apache_tomcat;org/apache/tomcat/websocket/server/WsHttpUpgradeHandler.java;1
apache_tomcat;org/apache/catalina/valves/rewrite/RewriteRule.java;2
apache_derby;engine/org/apache/derby/impl/sql/compile/PredicateList.java;1
apache_tomcat;org/apache/catalina/loader/WebappLoader.java;3
apache_derby;client/org/apache/derby/client/am/ColumnMetaData.java;8
apache_tomcat;org/apache/catalina/core/ApplicationSessionCookieConfig.java;1
apache_tomcat;org/apache/tomcat/websocket/pojo/PojoEndpointBase.java;1
apache_derby;engine/org/apache/derby/impl/store/access/sort/MergeInserter.java;1
apache_tomcat;org/apache/catalina/storeconfig/WebResourceRootSF.java;1
apache_tomcat;org/apache/catalina/webresources/JarWarResource.java;4
apache_tomcat;org/apache/tomcat/websocket/WsFrameClient.java;2
apache_tomcat;org/apache/catalina/realm/PBECredentialHandler.java;2
apache_derby;testing/org/apache/derbyTesting/functionTests/tests/store/streamingColumn.java;1
apache_tomcat;org/apache/catalina/startup/TldConfig.java;8
apache_derby;testing/org/apache/derbyTesting/functionTests/util/HarnessJavaTest.java;1
apache_derby;testing/org/apache/derbyTesting/functionTests/tests/jdbc4/PreparedStatementTest42.java;6
apache_tomcat;org/apache/tomcat/spdy/SpdyStream.java;1
apache_tomcat;org/apache/catalina/deploy/Injectable.java;1
apache_derby;testing/org/apache/derbyTesting/unitTests/junit/SystemPrivilegesPermissionTest.java;8
apache_derby;client/org/apache/derby/client/am/Blob.java;1
apache_tomcat;org/apache/naming/factory/EjbFactory.java;1
apache_derby;testing/org/apache/derby/impl/drda/ProtocolTest.java;1
apache_derby;testing/org/apache/derbyTesting/junit/XATestUtil.java;1
apache_derby;engine/org/apache/derby/impl/sql/compile/StatementNode.java;5
apache_tomcat;org/apache/tomcat/util/http/parser/HttpParser.java;8
apache_tomcat;org/apache/coyote/http11/AbstractHttp11Protocol.java;93
apache_derby;tools/org/apache/derby/impl/tools/dblook/DB_Jar.java;2
apache_tomcat;org/apache/coyote/http2/ConnectionSettingsLocal.java;9
apache_derby;testing/org/apache/derbyTesting/functionTests/tests/lang/closed.java;2
apache_tomcat;org/apache/catalina/core/AsyncContextImpl.java;10
apache_tomcat;org/apache/tomcat/util/modeler/modules/MbeansDescriptorsSerSource.java;1
apache_derby;testing/org/apache/derbyTesting/functionTests/tests/jdbc4/ClobTest.java;3
apache_derby;engine/org/apache/derby/impl/sql/compile/UnaryDateTimestampOperatorNode.java;1
apache_tomcat;org/apache/catalina/core/ApplicationContextFacade.java;2
apache_derby;engine/org/apache/derby/impl/store/access/heap/Heap.java;5
apache_tomcat;org/apache/catalina/ant/SessionsTask.java;2
apache_derby;stubs/jsr169/javax/sql/DataSource.java;1
apache_derby;testing/org/apache/derbyTesting/functionTests/tests/jdbcapi/DatabaseMetaDataTest.java;20
apache_tomcat;org/apache/catalina/core/StandardService.java;5
apache_tomcat;org/apache/tomcat/websocket/WsRemoteEndpointBase.java;16
apache_tomcat;javax/net/websocket/ClientEndpointConfiguration.java;1
apache_tomcat;org/apache/catalina/connector/OutputBuffer.java;6
apache_tomcat;org/apache/catalina/startup/ExpandWar.java;3
apache_derby;engine/org/apache/derby/catalog/SystemProcedures.java;21
apache_derby;tools/org/apache/derby/iapi/tools/i18n/LocalizedResource.java;1
apache_tomcat;org/apache/catalina/deploy/WebXml.java;13
apache_derby;testing/org/apache/derbyTesting/functionTests/tests/lang/RolesTest.java;5
apache_derby;testing/org/apache/derbyTesting/functionTests/tests/store/OnlineCompressTest.java;13
apache_derby;engine/org/apache/derby/iapi/error/StandardException.java;2
apache_derby;engine/org/apache/derby/impl/services/bytecode/Conditional.java;1
apache_derby;testing/org/apache/derbyTesting/functionTests/tests/lang/GeneratedColumnsHelper.java;12
apache_tomcat;org/apache/jasper/tagplugins/jstl/Util.java;1
apache_tomcat;org/apache/coyote/http11/upgrade/UpgradeProcessorBase.java;4
apache_tomcat;javax/net/websocket/HandshakeRequest.java;1
apache_derby;engine/org/apache/derby/iapi/services/loader/Java5ClassInspector.java;1
apache_tomcat;org/apache/catalina/tribes/group/AbsoluteOrder.java;1
apache_tomcat;org/apache/catalina/deploy/SessionConfig.java;1
apache_derby;testing/org/apache/derbyTesting/functionTests/harness/RunList.java;1
apache_tomcat;org/apache/jk/common/ChannelNioSocket.java;1
apache_tomcat;org/apache/tomcat/websocket/server/WsProtocolHandler.java;2
apache_tomcat;org/apache/catalina/servlets/DefaultServlet.java;6
apache_derby;tools/org/apache/derby/impl/tools/cslook/DB_Index.java;1
apache_tomcat;org/apache/catalina/authenticator/FormAuthenticator.java;3
apache_derby;testing/org/apache/derbyTesting/functionTests/tests/lang/procedure.java;3
apache_derby;stubs/jsr169/java/sql/DataTruncation.java;7
apache_derby;engine/org/apache/derby/impl/sql/execute/GroupedAggregateResultSet.java;4
apache_tomcat;org/apache/tomcat/util/net/jsse/openssl/OpenSSLCipherConfigurationParser.java;1
apache_derby;engine/org/apache/derby/impl/sql/execute/GenericExecutionContext.java;2
apache_tomcat;org/apache/catalina/tribes/group/ChannelInterceptorBase.java;1
apache_derby;client/org/apache/derby/client/am/DateTime.java;3
apache_tomcat;org/apache/naming/resources/WARDirContext.java;4
apache_derby;engine/org/apache/derby/impl/sql/compile/CreateSequenceNode.java;1
apache_tomcat;org/apache/catalina/mapper/MapperListener.java;1
apache_derby;engine/org/apache/derby/impl/sql/execute/RowChangerImpl.java;1
apache_tomcat;org/apache/jasper/compiler/ParserController.java;1
apache_tomcat;org/apache/coyote/ajp/AjpProcessor.java;44
apache_derby;engine/org/apache/derby/impl/jdbc/EmbedResultSet.java;60
apache_tomcat;org/apache/catalina/core/StandardThreadExecutor.java;2
apache_tomcat;org/apache/coyote/ajp/AbstractAjpProcessor.java;40
apache_tomcat;org/apache/catalina/mbeans/MBeanUtils.java;2
apache_derby;engine/org/apache/derby/jdbc/NonJNDIEmbeddedConnectionPoolDataSource40.java;1
apache_derby;engine/org/apache/derby/vti/VTITemplate.java;1
apache_tomcat;org/apache/tomcat/util/http/mapper/Mapper.java;1
apache_derby;engine/org/apache/derby/impl/jdbc/EmbedParameterMetaData30.java;6
apache_derby;client/org/apache/derby/client/am/BlobOutputStream.java;2
apache_tomcat;org/apache/catalina/session/StandardManager.java;6
apache_tomcat;org/apache/coyote/http11/upgrade/AprServletOutputStream.java;5
apache_derby;engine/org/apache/derby/impl/io/CPFile.java;1
apache_derby;drda/org/apache/derby/impl/drda/CodePoint.java;1
apache_tomcat;org/apache/coyote/http11/upgrade/BioUpgradeServletInputStream.java;1
apache_derby;engine/org/apache/derby/iapi/services/classfile/ClassFormatOutput.java;1
apache_tomcat;javax/el/BeanELResolver.java;1
apache_tomcat;org/apache/tomcat/util/descriptor/tld/Validator.java;3
apache_derby;build/org/apache/derbyPreBuild/PropertySetter.java;10
apache_tomcat;org/apache/tomcat/util/http/ServerCookie.java;6
apache_derby;drda/org/apache/derby/impl/drda/NetworkServerControlImpl.java;7
apache_derby;engine/org/apache/derby/impl/sql/compile/DMLStatementNode.java;2
apache_derby;engine/org/apache/derby/iapi/transaction/TransactionControl.java;7
apache_tomcat;org/apache/coyote/http11/upgrade/AprUpgradeServletInputStream.java;1
