kind;class;element;ChangingClasses;ChangingMethods;CouplingDispersion;CouplingIntensity;CyclomaticComplexity;MaxCallChain;MaxNesting;MethodLinesOfCode;NumberOfAccessedVariables;ParameterCount;smell;reason
public static method;br.com.meyer.App;br.com.meyer.App.authenticate;0,0;0,0;0,6;5,0;11,0;2,0;2,0;32,0;11,0;3,0;LongMethod;MLOC > 6.2319925163704415
public method;br.com.meyer.controller.ClientController;br.com.meyer.controller.ClientController.listClients;0,0;0,0;0,333333333333;3,0;5,0;2,0;2,0;12,0;6,0;4,0;LongParameterList;PARAMETER_COUNT > 1.2142188961646345
public method;br.com.meyer.controller.ContractController;br.com.meyer.controller.ContractController.listContracts;0,0;0,0;0,2;5,0;19,0;2,0;4,0;49,0;19,0;15,0;FeatureEnvy;CALLS_TO_br.com.meyer.services.ContractService > 5
public method;br.com.meyer.controller.ContractController;br.com.meyer.controller.ContractController.listContracts;0,0;0,0;0,2;5,0;19,0;2,0;4,0;49,0;19,0;15,0;LongMethod;MLOC > 6.2319925163704415
public method;br.com.meyer.controller.ContractController;br.com.meyer.controller.ContractController.listContracts;0,0;0,0;0,2;5,0;19,0;2,0;4,0;49,0;19,0;15,0;LongParameterList;PARAMETER_COUNT > 1.2142188961646345
public method;br.com.meyer.controller.ContractController;br.com.meyer.controller.ContractController.listContracts;0,0;0,0;0,2;5,0;19,0;2,0;4,0;49,0;19,0;15,0;IntensiveCoupling;CINT = 5.0, CDISP = 0.2, CC > 1.0
public method;br.com.meyer.controller.DeviceController;br.com.meyer.controller.DeviceController.listDevices;0,0;0,0;0,2;5,0;15,0;2,0;4,0;36,0;14,0;10,0;FeatureEnvy;CALLS_TO_br.com.meyer.services.DeviceService > 5
public method;br.com.meyer.controller.DeviceController;br.com.meyer.controller.DeviceController.listDevices;0,0;0,0;0,2;5,0;15,0;2,0;4,0;36,0;14,0;10,0;LongMethod;MLOC > 6.2319925163704415
public method;br.com.meyer.controller.DeviceController;br.com.meyer.controller.DeviceController.listDevices;0,0;0,0;0,2;5,0;15,0;2,0;4,0;36,0;14,0;10,0;LongParameterList;PARAMETER_COUNT > 1.2142188961646345
public method;br.com.meyer.controller.DeviceController;br.com.meyer.controller.DeviceController.listDevices;0,0;0,0;0,2;5,0;15,0;2,0;4,0;36,0;14,0;10,0;IntensiveCoupling;CINT = 5.0, CDISP = 0.2, CC > 1.0
public method;br.com.meyer.controller.DeviceController;br.com.meyer.controller.DeviceController.alterDeviceStatus;0,0;0,0;0,75;4,0;3,0;4,0;1,0;14,0;7,0;3,0;MessageChain;MAX_CALL_CHAIN = 4.0
public method;br.com.meyer.controller.DeviceController;br.com.meyer.controller.DeviceController.retrieveDevice;0,0;0,0;0,5;2,0;3,0;2,0;1,0;12,0;7,0;4,0;LongParameterList;PARAMETER_COUNT > 1.2142188961646345
public method;br.com.meyer.controller.DeviceController;br.com.meyer.controller.DeviceController.attachContractToDevicesByClient;0,0;0,0;1,0;1,0;1,0;3,0;0,0;6,0;6,0;4,0;LongParameterList;PARAMETER_COUNT > 1.2142188961646345
public method;br.com.meyer.controller.DeviceController;br.com.meyer.controller.DeviceController.editDeviceReading;0,0;0,0;1,0;1,0;1,0;1,0;0,0;6,0;6,0;4,0;LongParameterList;PARAMETER_COUNT > 1.2142188961646345
public method;br.com.meyer.controller.DeviceController;br.com.meyer.controller.DeviceController.getDeviceReadings;0,0;0,0;1,0;1,0;4,0;2,0;2,0;11,0;7,0;5,0;LongParameterList;PARAMETER_COUNT > 1.2142188961646345
public method;br.com.meyer.controller.DeviceController;br.com.meyer.controller.DeviceController.retrieveUsedDevicesBySeller;0,0;0,0;1,0;1,0;1,0;2,0;0,0;7,0;6,0;4,0;LongParameterList;PARAMETER_COUNT > 1.2142188961646345
public method;br.com.meyer.controller.DeviceController;br.com.meyer.controller.DeviceController.editDeviceLastCounter;0,0;0,0;1,0;1,0;1,0;1,0;0,0;6,0;6,0;4,0;LongParameterList;PARAMETER_COUNT > 1.2142188961646345
public method;br.com.meyer.controller.DeviceController;br.com.meyer.controller.DeviceController.listDevicesByModel;0,0;0,0;1,0;1,0;10,0;2,0;1,0;35,0;15,0;11,0;LongMethod;MLOC > 6.2319925163704415
public method;br.com.meyer.controller.DeviceController;br.com.meyer.controller.DeviceController.listDevicesByModel;0,0;0,0;1,0;1,0;10,0;2,0;1,0;35,0;15,0;11,0;LongParameterList;PARAMETER_COUNT > 1.2142188961646345
public method;br.com.meyer.controller.DeviceController;br.com.meyer.controller.DeviceController.addDevicesToContractByPrice;0,0;0,0;1,0;1,0;1,0;1,0;0,0;5,0;5,0;4,0;LongParameterList;PARAMETER_COUNT > 1.2142188961646345
public method;br.com.meyer.controller.ModelController;br.com.meyer.controller.ModelController.listModelsByAutocomplete;0,0;0,0;0,333333333333;3,0;5,0;2,0;2,0;12,0;6,0;4,0;LongParameterList;PARAMETER_COUNT > 1.2142188961646345
public method;br.com.meyer.model.Address;br.com.meyer.model.Address.Address;0,0;0,0;0,0;0,0;1,0;0,0;0,0;16,0;14,0;7,0;LongParameterList;PARAMETER_COUNT > 1.2142188961646345
public method;br.com.meyer.model.client.Client;br.com.meyer.model.client.Client.Client;0,0;0,0;0,0;0,0;1,0;0,0;0,0;22,0;20,0;10,0;LongParameterList;PARAMETER_COUNT > 1.2142188961646345
public method;br.com.meyer.model.client.Client;br.com.meyer.model.client.Client.Client;0,0;0,0;0,0;0,0;1,0;0,0;0,0;5,0;8,0;4,0;LongParameterList;PARAMETER_COUNT > 1.2142188961646345
public method;br.com.meyer.model.client.ClientAlterdataDTO;br.com.meyer.model.client.ClientAlterdataDTO.ClientAlterdataDTO;0,0;0,0;0,0;0,0;1,0;0,0;0,0;40,0;38,0;19,0;LongMethod;MLOC > 6.2319925163704415
public method;br.com.meyer.model.client.ClientAlterdataDTO;br.com.meyer.model.client.ClientAlterdataDTO.ClientAlterdataDTO;0,0;0,0;0,0;0,0;1,0;0,0;0,0;40,0;38,0;19,0;LongParameterList;PARAMETER_COUNT > 1.2142188961646345
public method;br.com.meyer.model.client.ClientAlterdataDTO;br.com.meyer.model.client.ClientAlterdataDTO.convertToClient;1,0;2,0;1,0;2,0;2,0;13,0;1,0;10,0;29,0;0,0;MessageChain;MAX_CALL_CHAIN = 13.0
public method;br.com.meyer.model.client.ClientAlterdataDTO.ContactAlterdata;br.com.meyer.model.client.ClientAlterdataDTO.ContactAlterdata.ContactAlterdata;0,0;0,0;0,0;0,0;1,0;0,0;0,0;10,0;8,0;4,0;LongParameterList;PARAMETER_COUNT > 1.2142188961646345
public method;br.com.meyer.model.client.Contact;br.com.meyer.model.client.Contact.Contact;0,0;0,0;0,0;0,0;1,0;0,0;0,0;16,0;14,0;7,0;LongParameterList;PARAMETER_COUNT > 1.2142188961646345
public method;br.com.meyer.model.contract.Contract;br.com.meyer.model.contract.Contract.Contract;0,0;0,0;0,0;0,0;1,0;0,0;0,0;27,0;25,0;12,0;LongParameterList;PARAMETER_COUNT > 1.2142188961646345
public method;br.com.meyer.model.contract.Contract;br.com.meyer.model.contract.Contract.addContractValue;1,0;1,0;0,333333333333;3,0;3,0;2,0;1,0;8,0;6,0;1,0;FeatureEnvy;CALLS_TO_br.com.meyer.model.contract.ContractValue > 4
public method;br.com.meyer.model.contract.Contract;br.com.meyer.model.contract.Contract.equals;0,0;0,0;1,0;2,0;17,0;1,0;1,0;36,0;17,0;1,0;LongMethod;MLOC > 6.2319925163704415
public method;br.com.meyer.model.contract.ContractHistoryEntry;br.com.meyer.model.contract.ContractHistoryEntry.ContractHistoryEntry;0,0;0,0;0,0;0,0;1,0;0,0;0,0;10,0;8,0;4,0;LongParameterList;PARAMETER_COUNT > 1.2142188961646345
public method;br.com.meyer.model.contract.ContractHistoryEntry;br.com.meyer.model.contract.ContractHistoryEntry.ContractHistoryEntry;0,0;0,0;0,0;0,0;1,0;0,0;0,0;6,0;10,0;5,0;LongParameterList;PARAMETER_COUNT > 1.2142188961646345
public method;br.com.meyer.model.contract.ContractHistoryEntry;br.com.meyer.model.contract.ContractHistoryEntry.ContractHistoryEntry;0,0;0,0;0,0;0,0;1,0;0,0;0,0;7,0;12,0;6,0;LongParameterList;PARAMETER_COUNT > 1.2142188961646345
public method;br.com.meyer.model.contract.ContractQueryResult;br.com.meyer.model.contract.ContractQueryResult.ContractQueryResult;0,0;0,0;0,0;0,0;1,0;0,0;0,0;10,0;8,0;4,0;LongParameterList;PARAMETER_COUNT > 1.2142188961646345
public method;br.com.meyer.model.contract.ContractValue;br.com.meyer.model.contract.ContractValue.ContractValue;0,0;0,0;0,0;0,0;1,0;0,0;0,0;10,0;8,0;4,0;LongParameterList;PARAMETER_COUNT > 1.2142188961646345
public method;br.com.meyer.model.contract.ContractWithdrawEntry.ContractEvent;br.com.meyer.model.contract.ContractWithdrawEntry.ContractEvent.ContractEvent;0,0;0,0;0,0;0,0;1,0;0,0;0,0;14,0;12,0;6,0;LongParameterList;PARAMETER_COUNT > 1.2142188961646345
public method;br.com.meyer.model.contract.Extension;br.com.meyer.model.contract.Extension.Extension;0,0;0,0;0,0;0,0;1,0;0,0;0,0;10,0;8,0;4,0;LongParameterList;PARAMETER_COUNT > 1.2142188961646345
public method;br.com.meyer.model.contract.withdraw.ContractWithdrawDTO.ContractUser;br.com.meyer.model.contract.withdraw.ContractWithdrawDTO.ContractUser.ContractUser;0,0;0,0;0,0;0,0;1,0;0,0;0,0;12,0;10,0;5,0;LongParameterList;PARAMETER_COUNT > 1.2142188961646345
public method;br.com.meyer.model.device.Device;br.com.meyer.model.device.Device.Device;0,0;0,0;0,0;0,0;1,0;0,0;0,0;26,0;24,0;12,0;LongParameterList;PARAMETER_COUNT > 1.2142188961646345
public method;br.com.meyer.model.device.Device;br.com.meyer.model.device.Device.setLink;1,0;5,0;1,0;2,0;2,0;1,0;1,0;6,0;7,0;4,0;LongParameterList;PARAMETER_COUNT > 1.2142188961646345
public method;br.com.meyer.model.device.Device;br.com.meyer.model.device.Device.mergeCounters;1,0;1,0;1,0;2,0;8,0;4,0;1,0;21,0;8,0;2,0;MessageChain;MAX_CALL_CHAIN = 4.0
public method;br.com.meyer.model.device.Device;br.com.meyer.model.device.Device.hasCounter;0,0;0,0;1,0;1,0;4,0;5,0;1,0;6,0;3,0;1,0;MessageChain;MAX_CALL_CHAIN = 5.0
public method;br.com.meyer.model.device.DeviceAlterdataDTO;br.com.meyer.model.device.DeviceAlterdataDTO.DeviceAlterdataDTO;0,0;0,0;0,0;0,0;1,0;0,0;0,0;10,0;8,0;4,0;LongParameterList;PARAMETER_COUNT > 1.2142188961646345
public method;br.com.meyer.model.device.DeviceHistoryEntry;br.com.meyer.model.device.DeviceHistoryEntry.DeviceHistoryEntry;0,0;0,0;0,0;0,0;1,0;0,0;0,0;14,0;12,0;6,0;LongParameterList;PARAMETER_COUNT > 1.2142188961646345
public method;br.com.meyer.model.device.DeviceHistoryEntry;br.com.meyer.model.device.DeviceHistoryEntry.DeviceHistoryEntry;0,0;0,0;0,0;0,0;1,0;0,0;0,0;8,0;14,0;7,0;LongParameterList;PARAMETER_COUNT > 1.2142188961646345
public method;br.com.meyer.model.device.DeviceHistoryEntry;br.com.meyer.model.device.DeviceHistoryEntry.DeviceHistoryEntry;0,0;0,0;0,0;0,0;1,0;0,0;0,0;6,0;10,0;5,0;LongParameterList;PARAMETER_COUNT > 1.2142188961646345
public method;br.com.meyer.model.device.reading.DeviceReading;br.com.meyer.model.device.reading.DeviceReading.DeviceReading;0,0;0,0;0,0;0,0;1,0;0,0;0,0;20,0;18,0;9,0;LongParameterList;PARAMETER_COUNT > 1.2142188961646345
public method;br.com.meyer.model.device.reading.DeviceReading;br.com.meyer.model.device.reading.DeviceReading.getCountCopiesByType;1,0;1,0;0,5;2,0;11,0;1,0;4,0;20,0;12,0;1,0;FeatureEnvy;CALLS_TO_br.com.meyer.model.Counter > 8
public method;br.com.meyer.model.device.reading.DeviceReading;br.com.meyer.model.device.reading.DeviceReading.fillReading;1,0;1,0;1,0;1,0;1,0;3,0;0,0;8,0;12,0;6,0;LongParameterList;PARAMETER_COUNT > 1.2142188961646345
public method;br.com.meyer.model.device.reading.DeviceReadingReport;br.com.meyer.model.device.reading.DeviceReadingReport.DeviceReadingReport;0,0;0,0;0,0;0,0;1,0;0,0;0,0;10,0;8,0;4,0;LongParameterList;PARAMETER_COUNT > 1.2142188961646345
public method;br.com.meyer.model.device.reading.DeviceReadingReport.Page;br.com.meyer.model.device.reading.DeviceReadingReport.Page.Page;0,0;0,0;0,0;0,0;1,0;0,0;0,0;11,0;10,0;5,0;LongParameterList;PARAMETER_COUNT > 1.2142188961646345
public method;br.com.meyer.model.Exchange;br.com.meyer.model.Exchange.Exchange;0,0;0,0;0,0;0,0;1,0;0,0;0,0;14,0;12,0;6,0;LongParameterList;PARAMETER_COUNT > 1.2142188961646345
public method;br.com.meyer.model.Model;br.com.meyer.model.Model.Model;0,0;0,0;0,0;0,0;1,0;0,0;0,0;18,0;16,0;8,0;LongParameterList;PARAMETER_COUNT > 1.2142188961646345
public method;br.com.meyer.model.Model;br.com.meyer.model.Model.Model;0,0;0,0;0,0;0,0;1,0;0,0;0,0;5,0;8,0;4,0;LongParameterList;PARAMETER_COUNT > 1.2142188961646345
public method;br.com.meyer.model.Model;br.com.meyer.model.Model.Model;0,0;0,0;0,0;0,0;1,0;0,0;0,0;6,0;10,0;5,0;LongParameterList;PARAMETER_COUNT > 1.2142188961646345
public method;br.com.meyer.model.schedule.ScheduleClientDTO;br.com.meyer.model.schedule.ScheduleClientDTO.ScheduleClientDTO;0,0;0,0;0,0;0,0;1,0;0,0;0,0;10,0;8,0;4,0;LongParameterList;PARAMETER_COUNT > 1.2142188961646345
public method;br.com.meyer.model.user.notification.Notification;br.com.meyer.model.user.notification.Notification.Notification;0,0;0,0;0,0;0,0;1,0;0,0;0,0;14,0;12,0;6,0;LongParameterList;PARAMETER_COUNT > 1.2142188961646345
public method;br.com.meyer.model.user.notification.Notification;br.com.meyer.model.user.notification.Notification.Notification;0,0;0,0;0,0;0,0;1,0;0,0;0,0;6,0;10,0;5,0;LongParameterList;PARAMETER_COUNT > 1.2142188961646345
public static method;br.com.meyer.model.user.notification.NotificationBuilder;br.com.meyer.model.user.notification.NotificationBuilder.generateExchangeClosedMessage;1,0;1,0;0,714285714286;7,0;4,0;5,0;2,0;9,0;6,0;2,0;FeatureEnvy;CALLS_TO_br.com.meyer.model.Exchange > 8
public static method;br.com.meyer.model.user.notification.NotificationBuilder;br.com.meyer.model.user.notification.NotificationBuilder.generateExchangeClosedMessage;1,0;1,0;0,714285714286;7,0;4,0;5,0;2,0;9,0;6,0;2,0;MessageChain;MAX_CALL_CHAIN = 5.0
public static method;br.com.meyer.model.user.notification.NotificationBuilder;br.com.meyer.model.user.notification.NotificationBuilder.generateModelCopiesLimitMessage;1,0;1,0;1,0;2,0;4,0;1,0;1,0;9,0;8,0;4,0;FeatureEnvy;CALLS_TO_br.com.meyer.model.Model > 4
public static method;br.com.meyer.model.user.notification.NotificationBuilder;br.com.meyer.model.user.notification.NotificationBuilder.generateModelCopiesLimitMessage;1,0;1,0;1,0;2,0;4,0;1,0;1,0;9,0;8,0;4,0;LongParameterList;PARAMETER_COUNT > 1.2142188961646345
public method;br.com.meyer.model.user.User;br.com.meyer.model.user.User.User;0,0;0,0;0,0;0,0;3,0;1,0;1,0;22,0;17,0;9,0;LongParameterList;PARAMETER_COUNT > 1.2142188961646345
public method;br.com.meyer.model.user.User;br.com.meyer.model.user.User.User;0,0;0,0;0,0;0,0;1,0;0,0;0,0;5,0;8,0;4,0;LongParameterList;PARAMETER_COUNT > 1.2142188961646345
public method;br.com.meyer.model.user.User;br.com.meyer.model.user.User.User;0,0;0,0;0,0;0,0;1,0;0,0;0,0;6,0;10,0;5,0;LongParameterList;PARAMETER_COUNT > 1.2142188961646345
public method;br.com.meyer.model.user.UserGroup;br.com.meyer.model.user.UserGroup.setPermissions;0,0;0,0;1,0;1,0;7,0;2,0;0,0;46,0;30,0;0,0;LongMethod;MLOC > 6.2319925163704415
public method;br.com.meyer.repository.ClientRepository;br.com.meyer.repository.ClientRepository.listAllClients;1,0;1,0;0,5;4,0;2,0;9,0;1,0;9,0;7,0;2,0;MessageChain;MAX_CALL_CHAIN = 9.0
public method;br.com.meyer.repository.ClientRepository;br.com.meyer.repository.ClientRepository.retrieveClients;1,0;1,0;0,5;4,0;1,0;7,0;0,0;13,0;4,0;1,0;MessageChain;MAX_CALL_CHAIN = 7.0
public method;br.com.meyer.repository.ClientRepository;br.com.meyer.repository.ClientRepository.listClientsBySearch;1,0;1,0;0,4;5,0;2,0;9,0;1,0;16,0;9,0;3,0;FeatureEnvy;CALLS_TO_br.com.meyer.util.QueryBuilder > 4
public method;br.com.meyer.repository.ClientRepository;br.com.meyer.repository.ClientRepository.listClientsBySearch;1,0;1,0;0,4;5,0;2,0;9,0;1,0;16,0;9,0;3,0;MessageChain;MAX_CALL_CHAIN = 9.0
public method;br.com.meyer.repository.ClientRepository;br.com.meyer.repository.ClientRepository.listClientsByStatus;1,0;1,0;1,0;1,0;1,0;9,0;0,0;6,0;6,0;2,0;MessageChain;MAX_CALL_CHAIN = 9.0
public method;br.com.meyer.repository.ClientRepository;br.com.meyer.repository.ClientRepository.retrieveSimilarClientsByTerm;1,0;1,0;0,5;4,0;1,0;7,0;0,0;12,0;5,0;1,0;MessageChain;MAX_CALL_CHAIN = 7.0
public method;br.com.meyer.repository.ClientRepository;br.com.meyer.repository.ClientRepository.retrieveClientDTO;1,0;1,0;0,666666666667;3,0;1,0;4,0;0,0;15,0;9,0;1,0;FeatureEnvy;CALLS_TO_br.com.meyer.util.QueryBuilder > 4
public method;br.com.meyer.repository.ClientRepository;br.com.meyer.repository.ClientRepository.retrieveClientDTO;1,0;1,0;0,666666666667;3,0;1,0;4,0;0,0;15,0;9,0;1,0;MessageChain;MAX_CALL_CHAIN = 4.0
public method;br.com.meyer.repository.ContractRepository;br.com.meyer.repository.ContractRepository.listAllContracts;2,0;2,0;0,6;5,0;5,0;9,0;1,0;22,0;12,0;2,0;MessageChain;MAX_CALL_CHAIN = 9.0
public method;br.com.meyer.repository.ContractRepository;br.com.meyer.repository.ContractRepository.listContractsByAdvancedSearch;2,0;4,0;0,272727272727;11,0;29,0;9,0;5,0;59,0;15,0;3,0;FeatureEnvy;CALLS_TO_br.com.meyer.util.QueryBuilder > 21
public method;br.com.meyer.repository.ContractRepository;br.com.meyer.repository.ContractRepository.listContractsByAdvancedSearch;2,0;4,0;0,272727272727;11,0;29,0;9,0;5,0;59,0;15,0;3,0;LongMethod;MLOC > 6.2319925163704415
public method;br.com.meyer.repository.ContractRepository;br.com.meyer.repository.ContractRepository.listContractsByAdvancedSearch;2,0;4,0;0,272727272727;11,0;29,0;9,0;5,0;59,0;15,0;3,0;MessageChain;MAX_CALL_CHAIN = 9.0
public method;br.com.meyer.repository.ContractRepository;br.com.meyer.repository.ContractRepository.listContractsByAdvancedSearch;2,0;4,0;0,272727272727;11,0;29,0;9,0;5,0;59,0;15,0;3,0;IntensiveCoupling;CINT = 11.0, CDISP = 0.2727272727272727, CC > 1.0
public method;br.com.meyer.repository.ContractRepository;br.com.meyer.repository.ContractRepository.listContractsByText;1,0;1,0;0,428571428571;7,0;7,0;9,0;1,0;39,0;14,0;3,0;FeatureEnvy;CALLS_TO_br.com.meyer.util.QueryBuilder > 11
public method;br.com.meyer.repository.ContractRepository;br.com.meyer.repository.ContractRepository.listContractsByText;1,0;1,0;0,428571428571;7,0;7,0;9,0;1,0;39,0;14,0;3,0;LongMethod;MLOC > 6.2319925163704415
public method;br.com.meyer.repository.ContractRepository;br.com.meyer.repository.ContractRepository.listContractsByText;1,0;1,0;0,428571428571;7,0;7,0;9,0;1,0;39,0;14,0;3,0;MessageChain;MAX_CALL_CHAIN = 9.0
public method;br.com.meyer.repository.ContractRepository;br.com.meyer.repository.ContractRepository.listContractsByStatus;1,0;1,0;1,0;2,0;4,0;9,0;1,0;19,0;11,0;2,0;MessageChain;MAX_CALL_CHAIN = 9.0
public method;br.com.meyer.repository.ContractRepository;br.com.meyer.repository.ContractRepository.retrieveContracts;1,0;1,0;1,0;1,0;1,0;4,0;0,0;5,0;3,0;1,0;MessageChain;MAX_CALL_CHAIN = 4.0
public method;br.com.meyer.repository.ContractRepository;br.com.meyer.repository.ContractRepository.listContractsWithoutDevices;1,0;1,0;0,428571428571;7,0;6,0;9,0;1,0;27,0;14,0;2,0;FeatureEnvy;CALLS_TO_br.com.meyer.util.QueryBuilder > 4
public method;br.com.meyer.repository.ContractRepository;br.com.meyer.repository.ContractRepository.listContractsWithoutDevices;1,0;1,0;0,428571428571;7,0;6,0;9,0;1,0;27,0;14,0;2,0;MessageChain;MAX_CALL_CHAIN = 9.0
public method;br.com.meyer.repository.ContractRepository;br.com.meyer.repository.ContractRepository.editClient;1,0;1,0;1,0;2,0;1,0;5,0;0,0;2,0;1,0;1,0;MessageChain;MAX_CALL_CHAIN = 5.0
public method;br.com.meyer.repository.ContractRepository;br.com.meyer.repository.ContractRepository.listContractHistory;1,0;1,0;1,0;1,0;1,0;4,0;0,0;5,0;4,0;2,0;MessageChain;MAX_CALL_CHAIN = 4.0
public method;br.com.meyer.repository.ContractRepository;br.com.meyer.repository.ContractRepository.getContractWithdrawList;2,0;2,0;0,8;5,0;11,0;7,0;5,0;33,0;23,0;2,0;FeatureEnvy;CALLS_TO_br.com.meyer.model.contract.Contract > 4
public method;br.com.meyer.repository.ContractRepository;br.com.meyer.repository.ContractRepository.getContractWithdrawList;2,0;2,0;0,8;5,0;11,0;7,0;5,0;33,0;23,0;2,0;LongMethod;MLOC > 6.2319925163704415
public method;br.com.meyer.repository.ContractRepository;br.com.meyer.repository.ContractRepository.getContractWithdrawList;2,0;2,0;0,8;5,0;11,0;7,0;5,0;33,0;23,0;2,0;MessageChain;MAX_CALL_CHAIN = 7.0
public method;br.com.meyer.repository.ContractRepository;br.com.meyer.repository.ContractRepository.checkContractsDeadline;0,0;0,0;0,714285714286;7,0;9,0;3,0;5,0;35,0;15,0;1,0;FeatureEnvy;CALLS_TO_br.com.meyer.model.user.notification.Notification > 4
public method;br.com.meyer.repository.ContractRepository;br.com.meyer.repository.ContractRepository.checkContractsDeadline;0,0;0,0;0,714285714286;7,0;9,0;3,0;5,0;35,0;15,0;1,0;LongMethod;MLOC > 6.2319925163704415
public method;br.com.meyer.repository.DeviceRepository;br.com.meyer.repository.DeviceRepository.listDevices;1,0;1,0;0,428571428571;7,0;2,0;9,0;1,0;10,0;8,0;2,0;FeatureEnvy;CALLS_TO_br.com.meyer.util.QueryBuilder > 5
public method;br.com.meyer.repository.DeviceRepository;br.com.meyer.repository.DeviceRepository.listDevices;1,0;1,0;0,428571428571;7,0;2,0;9,0;1,0;10,0;8,0;2,0;MessageChain;MAX_CALL_CHAIN = 9.0
public method;br.com.meyer.repository.DeviceRepository;br.com.meyer.repository.DeviceRepository.getDeviceStatusSpec;1,0;5,0;0,5;6,0;6,0;5,0;2,0;20,0;6,0;2,0;FeatureEnvy;CALLS_TO_br.com.meyer.util.QueryBuilder > 4
public method;br.com.meyer.repository.DeviceRepository;br.com.meyer.repository.DeviceRepository.getDeviceStatusSpec;1,0;5,0;0,5;6,0;6,0;5,0;2,0;20,0;6,0;2,0;MessageChain;MAX_CALL_CHAIN = 5.0
public method;br.com.meyer.repository.DeviceRepository;br.com.meyer.repository.DeviceRepository.listDeviceVersions;3,0;6,0;1,0;1,0;1,0;7,0;0,0;3,0;1,0;1,0;MessageChain;MAX_CALL_CHAIN = 7.0
public method;br.com.meyer.repository.DeviceRepository;br.com.meyer.repository.DeviceRepository.listDevicesByText;1,0;1,0;0,333333333333;9,0;3,0;9,0;1,0;21,0;10,0;3,0;FeatureEnvy;CALLS_TO_br.com.meyer.util.QueryBuilder > 7
public method;br.com.meyer.repository.DeviceRepository;br.com.meyer.repository.DeviceRepository.listDevicesByText;1,0;1,0;0,333333333333;9,0;3,0;9,0;1,0;21,0;10,0;3,0;MessageChain;MAX_CALL_CHAIN = 9.0
public method;br.com.meyer.repository.DeviceRepository;br.com.meyer.repository.DeviceRepository.listNumberOfDevicesByStatus;1,0;1,0;1,0;2,0;2,0;6,0;1,0;8,0;4,0;0,0;MessageChain;MAX_CALL_CHAIN = 6.0
public method;br.com.meyer.repository.DeviceRepository;br.com.meyer.repository.DeviceRepository.listDevicesByAdvancedSearch;1,0;1,0;0,3;10,0;6,0;9,0;2,0;21,0;13,0;3,0;FeatureEnvy;CALLS_TO_br.com.meyer.util.QueryBuilder > 9
public method;br.com.meyer.repository.DeviceRepository;br.com.meyer.repository.DeviceRepository.listDevicesByAdvancedSearch;1,0;1,0;0,3;10,0;6,0;9,0;2,0;21,0;13,0;3,0;MessageChain;MAX_CALL_CHAIN = 9.0
public method;br.com.meyer.repository.DeviceRepository;br.com.meyer.repository.DeviceRepository.listDevicesByAdvancedSearch;1,0;1,0;0,3;10,0;6,0;9,0;2,0;21,0;13,0;3,0;IntensiveCoupling;CINT = 10.0, CDISP = 0.3, CC > 1.0
public method;br.com.meyer.repository.DeviceRepository;br.com.meyer.repository.DeviceRepository.showReport;1,0;1,0;1,0;1,0;3,0;9,0;1,0;13,0;8,0;0,0;MessageChain;MAX_CALL_CHAIN = 9.0
public method;br.com.meyer.repository.DeviceRepository;br.com.meyer.repository.DeviceRepository.retrieveDevicesForContract;1,0;1,0;1,0;1,0;2,0;9,0;0,0;13,0;11,0;3,0;MessageChain;MAX_CALL_CHAIN = 9.0
public method;br.com.meyer.repository.DeviceRepository;br.com.meyer.repository.DeviceRepository.retrieveDevices;1,0;1,0;0,666666666667;3,0;1,0;7,0;0,0;6,0;3,0;1,0;MessageChain;MAX_CALL_CHAIN = 7.0
public method;br.com.meyer.repository.DeviceRepository;br.com.meyer.repository.DeviceRepository.listDevicesByModel;1,0;1,0;0,5;6,0;1,0;6,0;0,0;9,0;8,0;2,0;FeatureEnvy;CALLS_TO_br.com.meyer.util.QueryBuilder > 4
public method;br.com.meyer.repository.DeviceRepository;br.com.meyer.repository.DeviceRepository.listDevicesByModel;1,0;1,0;0,5;6,0;1,0;6,0;0,0;9,0;8,0;2,0;MessageChain;MAX_CALL_CHAIN = 6.0
public method;br.com.meyer.repository.DeviceRepository;br.com.meyer.repository.DeviceRepository.editReading;2,0;2,0;0,555555555556;9,0;1,0;2,0;0,0;11,0;11,0;4,0;LongParameterList;PARAMETER_COUNT > 1.2142188961646345
public method;br.com.meyer.repository.DeviceRepository;br.com.meyer.repository.DeviceRepository.fillInReadingOnImport;0,0;0,0;0,666666666667;6,0;2,0;3,0;1,0;8,0;9,0;6,0;LongParameterList;PARAMETER_COUNT > 1.2142188961646345
public method;br.com.meyer.repository.DeviceRepository;br.com.meyer.repository.DeviceRepository.listDevicesByStatus;1,0;1,0;1,0;2,0;1,0;6,0;0,0;8,0;8,0;2,0;MessageChain;MAX_CALL_CHAIN = 6.0
public method;br.com.meyer.repository.DeviceRepository;br.com.meyer.repository.DeviceRepository.getDeviceReadings;3,0;4,0;0,6;15,0;12,0;6,0;3,0;30,0;16,0;4,0;LongParameterList;PARAMETER_COUNT > 1.2142188961646345
public method;br.com.meyer.repository.DeviceRepository;br.com.meyer.repository.DeviceRepository.getDeviceReadings;3,0;4,0;0,6;15,0;12,0;6,0;3,0;30,0;16,0;4,0;MessageChain;MAX_CALL_CHAIN = 6.0
public method;br.com.meyer.repository.DeviceRepository;br.com.meyer.repository.DeviceRepository.getDeviceReadings;3,0;4,0;0,6;15,0;12,0;6,0;3,0;30,0;16,0;4,0;DispersedCoupling;CINT > 8.0, CDISP > 0.5, CC > 1.0
public method;br.com.meyer.repository.DeviceRepository;br.com.meyer.repository.DeviceRepository.retrieveUsedDevicesBySeller;1,0;1,0;0,285714285714;7,0;6,0;4,0;2,0;19,0;7,0;3,0;FeatureEnvy;CALLS_TO_br.com.meyer.util.QueryBuilder > 8
public method;br.com.meyer.repository.DeviceRepository;br.com.meyer.repository.DeviceRepository.retrieveUsedDevicesBySeller;1,0;1,0;0,285714285714;7,0;6,0;4,0;2,0;19,0;7,0;3,0;MessageChain;MAX_CALL_CHAIN = 4.0
public method;br.com.meyer.repository.DeviceRepository;br.com.meyer.repository.DeviceRepository.editDeviceReading;1,0;1,0;1,0;1,0;1,0;4,0;0,0;2,0;2,0;2,0;MessageChain;MAX_CALL_CHAIN = 4.0
public method;br.com.meyer.repository.DeviceRepository;br.com.meyer.repository.DeviceRepository.updateLastReverted;1,0;1,0;1,0;1,0;1,0;4,0;0,0;3,0;2,0;2,0;MessageChain;MAX_CALL_CHAIN = 4.0
public method;br.com.meyer.repository.DeviceRepository;br.com.meyer.repository.DeviceRepository.editClientOnDeviceReading;1,0;1,0;1,0;2,0;1,0;4,0;0,0;2,0;1,0;1,0;MessageChain;MAX_CALL_CHAIN = 4.0
public method;br.com.meyer.repository.DeviceRepository;br.com.meyer.repository.DeviceRepository.editClient;1,0;1,0;1,0;2,0;1,0;5,0;0,0;2,0;1,0;1,0;MessageChain;MAX_CALL_CHAIN = 5.0
public method;br.com.meyer.repository.DeviceRepository;br.com.meyer.repository.DeviceRepository.editContract;1,0;1,0;1,0;2,0;1,0;5,0;0,0;2,0;1,0;1,0;MessageChain;MAX_CALL_CHAIN = 5.0
public method;br.com.meyer.repository.DeviceRepository;br.com.meyer.repository.DeviceRepository.removeDeviceFromContract;1,0;1,0;1,0;1,0;1,0;4,0;0,0;2,0;1,0;1,0;MessageChain;MAX_CALL_CHAIN = 4.0
public method;br.com.meyer.repository.DeviceRepository;br.com.meyer.repository.DeviceRepository.groupDevicesByClient;2,0;2,0;1,0;1,0;3,0;6,0;1,0;9,0;4,0;1,0;MessageChain;MAX_CALL_CHAIN = 6.0
public method;br.com.meyer.repository.DeviceRepository;br.com.meyer.repository.DeviceRepository.groupDevicesByClientImport;0,0;0,0;1,0;1,0;3,0;6,0;1,0;9,0;4,0;1,0;MessageChain;MAX_CALL_CHAIN = 6.0
public method;br.com.meyer.repository.DeviceRepository;br.com.meyer.repository.DeviceRepository.listLastSixMonthsDeviceReadingHistory;1,0;1,0;0,5;4,0;7,0;6,0;2,0;18,0;10,0;2,0;MessageChain;MAX_CALL_CHAIN = 6.0
public method;br.com.meyer.repository.DeviceRepository;br.com.meyer.repository.DeviceRepository.retrieveSimilarDevicesByTerm;3,0;3,0;1,0;1,0;1,0;4,0;0,0;5,0;3,0;1,0;MessageChain;MAX_CALL_CHAIN = 4.0
public method;br.com.meyer.repository.DeviceRepository;br.com.meyer.repository.DeviceRepository.retrieveDeviceReadingReportByClient;1,0;1,0;0,454545454545;33,0;17,0;7,0;6,0;75,0;52,0;2,0;FeatureEnvy;CALLS_TO_br.com.meyer.model.contract.Contract > 7
public method;br.com.meyer.repository.DeviceRepository;br.com.meyer.repository.DeviceRepository.retrieveDeviceReadingReportByClient;1,0;1,0;0,454545454545;33,0;17,0;7,0;6,0;75,0;52,0;2,0;LongMethod;MLOC > 6.2319925163704415
public method;br.com.meyer.repository.DeviceRepository;br.com.meyer.repository.DeviceRepository.retrieveDeviceReadingReportByClient;1,0;1,0;0,454545454545;33,0;17,0;7,0;6,0;75,0;52,0;2,0;MessageChain;MAX_CALL_CHAIN = 7.0
public method;br.com.meyer.repository.DeviceRepository;br.com.meyer.repository.DeviceRepository.retrieveDeviceReadingReportByClient;1,0;1,0;0,454545454545;33,0;17,0;7,0;6,0;75,0;52,0;2,0;IntensiveCoupling;CINT = 33.0, CDISP = 0.45454545454545453, CC > 1.0
public method;br.com.meyer.repository.DeviceRepository;br.com.meyer.repository.DeviceRepository.retrieveDeviceReadingReportByClient;1,0;1,0;0,454545454545;33,0;17,0;7,0;6,0;75,0;52,0;2,0;BrainMethod;MLOC > 42.840002483903255, CC > 3.7069705326581133, MAX_NESTING > 5.0, NOAV > 6.0
public method;br.com.meyer.repository.DeviceRepository;br.com.meyer.repository.DeviceRepository.editDeviceLastCounter;1,0;1,0;0,666666666667;3,0;1,0;4,0;0,0;9,0;4,0;3,0;FeatureEnvy;CALLS_TO_br.com.meyer.util.mongo.MeyerCollections > 5
public method;br.com.meyer.repository.DeviceRepository;br.com.meyer.repository.DeviceRepository.editDeviceLastCounter;1,0;1,0;0,666666666667;3,0;1,0;4,0;0,0;9,0;4,0;3,0;MessageChain;MAX_CALL_CHAIN = 4.0
public method;br.com.meyer.repository.DeviceRepository;br.com.meyer.repository.DeviceRepository.listDevicesByParameters;1,0;1,0;0,4;5,0;9,0;5,0;2,0;21,0;10,0;2,0;FeatureEnvy;CALLS_TO_br.com.meyer.util.QueryBuilder > 6
public method;br.com.meyer.repository.DeviceRepository;br.com.meyer.repository.DeviceRepository.listDevicesByParameters;1,0;1,0;0,4;5,0;9,0;5,0;2,0;21,0;10,0;2,0;MessageChain;MAX_CALL_CHAIN = 5.0
public method;br.com.meyer.repository.DeviceRepository;br.com.meyer.repository.DeviceRepository.exchangeDevices;1,0;1,0;0,428571428571;21,0;5,0;7,0;2,0;27,0;21,0;3,0;FeatureEnvy;CALLS_TO_br.com.meyer.model.device.Device > 11
public method;br.com.meyer.repository.DeviceRepository;br.com.meyer.repository.DeviceRepository.exchangeDevices;1,0;1,0;0,428571428571;21,0;5,0;7,0;2,0;27,0;21,0;3,0;MessageChain;MAX_CALL_CHAIN = 7.0
public method;br.com.meyer.repository.DeviceRepository;br.com.meyer.repository.DeviceRepository.exchangeDevices;1,0;1,0;0,428571428571;21,0;5,0;7,0;2,0;27,0;21,0;3,0;IntensiveCoupling;CINT = 21.0, CDISP = 0.42857142857142855, CC > 1.0
public method;br.com.meyer.repository.DeviceRepository;br.com.meyer.repository.DeviceRepository.updateExchangeStatusOnDevices;1,0;1,0;1,0;1,0;1,0;4,0;0,0;2,0;1,0;1,0;MessageChain;MAX_CALL_CHAIN = 4.0
public method;br.com.meyer.repository.DeviceRepository;br.com.meyer.repository.DeviceRepository.returnExchange;1,0;1,0;1,0;1,0;1,0;4,0;0,0;4,0;2,0;1,0;MessageChain;MAX_CALL_CHAIN = 4.0
public method;br.com.meyer.repository.ModelRepository;br.com.meyer.repository.ModelRepository.listAllModels;1,0;1,0;1,0;1,0;1,0;6,0;0,0;4,0;1,0;0,0;MessageChain;MAX_CALL_CHAIN = 6.0
public method;br.com.meyer.repository.ModelRepository;br.com.meyer.repository.ModelRepository.editModel;1,0;1,0;0,75;4,0;1,0;5,0;0,0;4,0;1,0;1,0;MessageChain;MAX_CALL_CHAIN = 5.0
public method;br.com.meyer.repository.ModelRepository;br.com.meyer.repository.ModelRepository.listModelsByManufacturer;1,0;1,0;0,5;4,0;1,0;6,0;0,0;7,0;4,0;2,0;MessageChain;MAX_CALL_CHAIN = 6.0
public method;br.com.meyer.repository.ModelRepository;br.com.meyer.repository.ModelRepository.listManufacturers;1,0;1,0;1,0;2,0;4,0;6,0;3,0;10,0;5,0;0,0;MessageChain;MAX_CALL_CHAIN = 6.0
public method;br.com.meyer.repository.ModelRepository;br.com.meyer.repository.ModelRepository.listModelsByAutocomplete;1,0;1,0;1,0;1,0;1,0;7,0;0,0;4,0;2,0;1,0;MessageChain;MAX_CALL_CHAIN = 7.0
public method;br.com.meyer.repository.ModelRepository;br.com.meyer.repository.ModelRepository.listModelsLimitedByCounterType;1,0;1,0;0,666666666667;3,0;2,0;6,0;1,0;7,0;4,0;1,0;MessageChain;MAX_CALL_CHAIN = 6.0
public method;br.com.meyer.repository.ModelRepository;br.com.meyer.repository.ModelRepository.mergeModels;1,0;1,0;0,666666666667;3,0;1,0;3,0;0,0;6,0;2,0;2,0;FeatureEnvy;CALLS_TO_br.com.meyer.util.mongo.MeyerCollections > 4
public method;br.com.meyer.repository.ModelRepository;br.com.meyer.repository.ModelRepository.listModelsWithPriority;1,0;1,0;1,0;1,0;4,0;4,0;1,0;12,0;5,0;1,0;MessageChain;MAX_CALL_CHAIN = 4.0
public method;br.com.meyer.repository.UserRepository;br.com.meyer.repository.UserRepository.doAuth;8,0;119,0;0,4;5,0;5,0;3,0;2,0;10,0;4,0;2,0;FeatureEnvy;CALLS_TO_br.com.meyer.model.user.User > 4
public method;br.com.meyer.repository.UserRepository;br.com.meyer.repository.UserRepository.listUsers;1,0;1,0;1,0;1,0;1,0;6,0;0,0;4,0;1,0;0,0;MessageChain;MAX_CALL_CHAIN = 6.0
public method;br.com.meyer.repository.UserRepository;br.com.meyer.repository.UserRepository.listSellerDevices;2,0;2,0;1,0;1,0;1,0;8,0;0,0;4,0;2,0;1,0;MessageChain;MAX_CALL_CHAIN = 8.0
public method;br.com.meyer.repository.UserRepository;br.com.meyer.repository.UserRepository.retrieveSellersByName;1,0;1,0;1,0;1,0;1,0;4,0;0,0;5,0;3,0;1,0;MessageChain;MAX_CALL_CHAIN = 4.0
public method;br.com.meyer.repository.UserRepository;br.com.meyer.repository.UserRepository.retrieveNotifications;1,0;1,0;1,0;1,0;1,0;4,0;0,0;5,0;3,0;1,0;MessageChain;MAX_CALL_CHAIN = 4.0
public method;br.com.meyer.repository.UserRepository;br.com.meyer.repository.UserRepository.getUserEmailsByGroup;1,0;1,0;1,0;1,0;2,0;4,0;0,0;8,0;4,0;1,0;MessageChain;MAX_CALL_CHAIN = 4.0
public method;br.com.meyer.services.ClientService;br.com.meyer.services.ClientService.updateClient;2,0;3,0;0,454545454545;11,0;1,0;1,0;0,0;10,0;12,0;3,0;FeatureEnvy;CALLS_TO_br.com.meyer.model.client.Client > 7
public method;br.com.meyer.services.ClientService;br.com.meyer.services.ClientService.listClientsBySearch;2,0;2,0;1,0;2,0;1,0;1,0;0,0;3,0;7,0;4,0;LongParameterList;PARAMETER_COUNT > 1.2142188961646345
public method;br.com.meyer.services.ContractService;br.com.meyer.services.ContractService.createContract;2,0;3,0;0,521739130435;23,0;5,0;5,0;2,0;22,0;23,0;2,0;FeatureEnvy;CALLS_TO_br.com.meyer.model.contract.Contract > 9
public method;br.com.meyer.services.ContractService;br.com.meyer.services.ContractService.createContract;2,0;3,0;0,521739130435;23,0;5,0;5,0;2,0;22,0;23,0;2,0;MessageChain;MAX_CALL_CHAIN = 5.0
public method;br.com.meyer.services.ContractService;br.com.meyer.services.ContractService.createContract;2,0;3,0;0,521739130435;23,0;5,0;5,0;2,0;22,0;23,0;2,0;DispersedCoupling;CINT > 8.0, CDISP > 0.5, CC > 1.0
public method;br.com.meyer.services.ContractService;br.com.meyer.services.ContractService.editContract;2,0;4,0;0,3125;16,0;1,0;12,0;0,0;7,0;10,0;3,0;FeatureEnvy;CALLS_TO_br.com.meyer.model.contract.Contract > 11
public method;br.com.meyer.services.ContractService;br.com.meyer.services.ContractService.editContract;2,0;4,0;0,3125;16,0;1,0;12,0;0,0;7,0;10,0;3,0;MessageChain;MAX_CALL_CHAIN = 12.0
public method;br.com.meyer.services.ContractService;br.com.meyer.services.ContractService.findContractsRecentlyApproved;0,0;0,0;1,0;2,0;1,0;4,0;0,0;3,0;4,0;1,0;MessageChain;MAX_CALL_CHAIN = 4.0
public method;br.com.meyer.services.ContractService;br.com.meyer.services.ContractService.deleteContract;2,0;2,0;0,466666666667;15,0;1,0;6,0;0,0;11,0;11,0;2,0;FeatureEnvy;CALLS_TO_br.com.meyer.model.contract.Contract > 5
public method;br.com.meyer.services.ContractService;br.com.meyer.services.ContractService.deleteContract;2,0;2,0;0,466666666667;15,0;1,0;6,0;0,0;11,0;11,0;2,0;MessageChain;MAX_CALL_CHAIN = 6.0
public method;br.com.meyer.services.ContractService;br.com.meyer.services.ContractService.listContractsByAdvancedSearch;2,0;2,0;1,0;2,0;1,0;1,0;0,0;3,0;7,0;4,0;LongParameterList;PARAMETER_COUNT > 1.2142188961646345
public method;br.com.meyer.services.ContractService;br.com.meyer.services.ContractService.listContractsByText;2,0;2,0;1,0;2,0;1,0;1,0;0,0;3,0;7,0;4,0;LongParameterList;PARAMETER_COUNT > 1.2142188961646345
public method;br.com.meyer.services.ContractService;br.com.meyer.services.ContractService.activeContract;2,0;2,0;0,428571428571;14,0;1,0;6,0;0,0;8,0;10,0;2,0;FeatureEnvy;CALLS_TO_br.com.meyer.model.contract.Contract > 5
public method;br.com.meyer.services.ContractService;br.com.meyer.services.ContractService.activeContract;2,0;2,0;0,428571428571;14,0;1,0;6,0;0,0;8,0;10,0;2,0;MessageChain;MAX_CALL_CHAIN = 6.0
public method;br.com.meyer.services.ContractService;br.com.meyer.services.ContractService.extendContract;2,0;2,0;0,444444444444;18,0;1,0;6,0;0,0;10,0;12,0;3,0;FeatureEnvy;CALLS_TO_br.com.meyer.model.user.User > 5
public method;br.com.meyer.services.ContractService;br.com.meyer.services.ContractService.extendContract;2,0;2,0;0,444444444444;18,0;1,0;6,0;0,0;10,0;12,0;3,0;MessageChain;MAX_CALL_CHAIN = 6.0
public method;br.com.meyer.services.ContractService;br.com.meyer.services.ContractService.addContractValue;2,0;3,0;0,55;20,0;5,0;7,0;2,0;17,0;22,0;3,0;FeatureEnvy;CALLS_TO_br.com.meyer.repository.ContractRepository > 4
public method;br.com.meyer.services.ContractService;br.com.meyer.services.ContractService.addContractValue;2,0;3,0;0,55;20,0;5,0;7,0;2,0;17,0;22,0;3,0;MessageChain;MAX_CALL_CHAIN = 7.0
public method;br.com.meyer.services.ContractService;br.com.meyer.services.ContractService.addContractValue;2,0;3,0;0,55;20,0;5,0;7,0;2,0;17,0;22,0;3,0;DispersedCoupling;CINT > 8.0, CDISP > 0.5, CC > 1.0
public method;br.com.meyer.services.DeviceService;br.com.meyer.services.DeviceService.alterDeviceStatus;2,0;6,0;0,326086956522;46,0;17,0;4,0;4,0;55,0;34,0;6,0;FeatureEnvy;CALLS_TO_br.com.meyer.repository.DeviceRepository > 18
public method;br.com.meyer.services.DeviceService;br.com.meyer.services.DeviceService.alterDeviceStatus;2,0;6,0;0,326086956522;46,0;17,0;4,0;4,0;55,0;34,0;6,0;LongMethod;MLOC > 6.2319925163704415
public method;br.com.meyer.services.DeviceService;br.com.meyer.services.DeviceService.alterDeviceStatus;2,0;6,0;0,326086956522;46,0;17,0;4,0;4,0;55,0;34,0;6,0;LongParameterList;PARAMETER_COUNT > 1.2142188961646345
public method;br.com.meyer.services.DeviceService;br.com.meyer.services.DeviceService.alterDeviceStatus;2,0;6,0;0,326086956522;46,0;17,0;4,0;4,0;55,0;34,0;6,0;MessageChain;MAX_CALL_CHAIN = 4.0
public method;br.com.meyer.services.DeviceService;br.com.meyer.services.DeviceService.alterDeviceStatus;2,0;6,0;0,326086956522;46,0;17,0;4,0;4,0;55,0;34,0;6,0;IntensiveCoupling;CINT = 46.0, CDISP = 0.32608695652173914, CC > 1.0
public method;br.com.meyer.services.DeviceService;br.com.meyer.services.DeviceService.editDeviceAddress;1,0;1,0;0,625;8,0;3,0;2,0;1,0;12,0;13,0;3,0;FeatureEnvy;CALLS_TO_br.com.meyer.repository.DeviceRepository > 4
public method;br.com.meyer.services.DeviceService;br.com.meyer.services.DeviceService.editDevice;2,0;5,0;0,533333333333;15,0;6,0;4,0;2,0;23,0;18,0;3,0;FeatureEnvy;CALLS_TO_br.com.meyer.repository.DeviceRepository > 11
public method;br.com.meyer.services.DeviceService;br.com.meyer.services.DeviceService.editDevice;2,0;5,0;0,533333333333;15,0;6,0;4,0;2,0;23,0;18,0;3,0;MessageChain;MAX_CALL_CHAIN = 4.0
public method;br.com.meyer.services.DeviceService;br.com.meyer.services.DeviceService.editDevice;2,0;5,0;0,533333333333;15,0;6,0;4,0;2,0;23,0;18,0;3,0;DispersedCoupling;CINT > 8.0, CDISP > 0.5, CC > 1.0
public method;br.com.meyer.services.DeviceService;br.com.meyer.services.DeviceService.listDevicesByText;2,0;2,0;1,0;2,0;1,0;1,0;0,0;3,0;7,0;4,0;LongParameterList;PARAMETER_COUNT > 1.2142188961646345
public method;br.com.meyer.services.DeviceService;br.com.meyer.services.DeviceService.listDevicesByAdvancedSearch;2,0;2,0;1,0;2,0;1,0;1,0;0,0;3,0;7,0;4,0;LongParameterList;PARAMETER_COUNT > 1.2142188961646345
public method;br.com.meyer.services.DeviceService;br.com.meyer.services.DeviceService.retrieveDevicesForContract;2,0;2,0;1,0;2,0;1,0;1,0;0,0;3,0;7,0;4,0;LongParameterList;PARAMETER_COUNT > 1.2142188961646345
public method;br.com.meyer.services.DeviceService;br.com.meyer.services.DeviceService.attachNewContractToDevice;4,0;6,0;0,391304347826;23,0;2,0;9,0;1,0;14,0;16,0;3,0;FeatureEnvy;CALLS_TO_br.com.meyer.model.client.Client > 4
public method;br.com.meyer.services.DeviceService;br.com.meyer.services.DeviceService.attachNewContractToDevice;4,0;6,0;0,391304347826;23,0;2,0;9,0;1,0;14,0;16,0;3,0;MessageChain;MAX_CALL_CHAIN = 9.0
public method;br.com.meyer.services.DeviceService;br.com.meyer.services.DeviceService.attachContractToDevices;2,0;4,0;0,4375;32,0;10,0;9,0;3,0;37,0;31,0;5,0;FeatureEnvy;CALLS_TO_br.com.meyer.model.contract.Contract > 15
public method;br.com.meyer.services.DeviceService;br.com.meyer.services.DeviceService.attachContractToDevices;2,0;4,0;0,4375;32,0;10,0;9,0;3,0;37,0;31,0;5,0;LongMethod;MLOC > 6.2319925163704415
public method;br.com.meyer.services.DeviceService;br.com.meyer.services.DeviceService.attachContractToDevices;2,0;4,0;0,4375;32,0;10,0;9,0;3,0;37,0;31,0;5,0;LongParameterList;PARAMETER_COUNT > 1.2142188961646345
public method;br.com.meyer.services.DeviceService;br.com.meyer.services.DeviceService.attachContractToDevices;2,0;4,0;0,4375;32,0;10,0;9,0;3,0;37,0;31,0;5,0;MessageChain;MAX_CALL_CHAIN = 9.0
public method;br.com.meyer.services.DeviceService;br.com.meyer.services.DeviceService.attachContractToDevices;2,0;4,0;0,4375;32,0;10,0;9,0;3,0;37,0;31,0;5,0;IntensiveCoupling;CINT = 32.0, CDISP = 0.4375, CC > 1.0
public method;br.com.meyer.services.DeviceService;br.com.meyer.services.DeviceService.editReading;2,0;2,0;0,833333333333;6,0;1,0;3,0;0,0;5,0;9,0;4,0;LongParameterList;PARAMETER_COUNT > 1.2142188961646345
public method;br.com.meyer.services.DeviceService;br.com.meyer.services.DeviceService.getDeviceReadings;1,0;1,0;1,0;2,0;1,0;1,0;0,0;3,0;8,0;5,0;LongParameterList;PARAMETER_COUNT > 1.2142188961646345
public method;br.com.meyer.services.DeviceService;br.com.meyer.services.DeviceService.reserveDeviceToClient;3,0;3,0;0,75;8,0;1,0;1,0;0,0;10,0;17,0;4,0;FeatureEnvy;CALLS_TO_br.com.meyer.repository.DeviceRepository > 4
public method;br.com.meyer.services.DeviceService;br.com.meyer.services.DeviceService.reserveDeviceToClient;3,0;3,0;0,75;8,0;1,0;1,0;0,0;10,0;17,0;4,0;LongParameterList;PARAMETER_COUNT > 1.2142188961646345
public method;br.com.meyer.services.DeviceService;br.com.meyer.services.DeviceService.mergeDevices;2,0;3,0;0,6;10,0;3,0;3,0;2,0;11,0;11,0;3,0;FeatureEnvy;CALLS_TO_br.com.meyer.model.device.Board > 4
public method;br.com.meyer.services.DeviceService;br.com.meyer.services.DeviceService.mergeDevices;2,0;3,0;0,6;10,0;3,0;3,0;2,0;11,0;11,0;3,0;DispersedCoupling;CINT > 8.0, CDISP > 0.5, CC > 1.0
public method;br.com.meyer.services.DeviceService;br.com.meyer.services.DeviceService.retrieveUsedDevicesBySeller;2,0;2,0;1,0;2,0;1,0;1,0;0,0;3,0;7,0;4,0;LongParameterList;PARAMETER_COUNT > 1.2142188961646345
public method;br.com.meyer.services.DeviceService;br.com.meyer.services.DeviceService.revertDeviceHistory;2,0;2,0;0,625;8,0;1,0;2,0;0,0;9,0;12,0;2,0;FeatureEnvy;CALLS_TO_br.com.meyer.repository.DeviceRepository > 4
public method;br.com.meyer.services.DeviceService;br.com.meyer.services.DeviceService.addLinkToDevice;1,0;1,0;0,444444444444;27,0;7,0;9,0;4,0;26,0;19,0;4,0;FeatureEnvy;CALLS_TO_br.com.meyer.model.user.User > 5
public method;br.com.meyer.services.DeviceService;br.com.meyer.services.DeviceService.addLinkToDevice;1,0;1,0;0,444444444444;27,0;7,0;9,0;4,0;26,0;19,0;4,0;LongParameterList;PARAMETER_COUNT > 1.2142188961646345
public method;br.com.meyer.services.DeviceService;br.com.meyer.services.DeviceService.addLinkToDevice;1,0;1,0;0,444444444444;27,0;7,0;9,0;4,0;26,0;19,0;4,0;MessageChain;MAX_CALL_CHAIN = 9.0
public method;br.com.meyer.services.DeviceService;br.com.meyer.services.DeviceService.addLinkToDevice;1,0;1,0;0,444444444444;27,0;7,0;9,0;4,0;26,0;19,0;4,0;IntensiveCoupling;CINT = 27.0, CDISP = 0.4444444444444444, CC > 1.0
public method;br.com.meyer.services.DeviceService;br.com.meyer.services.DeviceService.addLinkToDevice;1,0;2,0;0,451612903226;31,0;14,0;9,0;4,0;40,0;32,0;8,0;FeatureEnvy;CALLS_TO_br.com.meyer.model.contract.Contract > 8
public method;br.com.meyer.services.DeviceService;br.com.meyer.services.DeviceService.addLinkToDevice;1,0;2,0;0,451612903226;31,0;14,0;9,0;4,0;40,0;32,0;8,0;LongMethod;MLOC > 6.2319925163704415
public method;br.com.meyer.services.DeviceService;br.com.meyer.services.DeviceService.addLinkToDevice;1,0;2,0;0,451612903226;31,0;14,0;9,0;4,0;40,0;32,0;8,0;LongParameterList;PARAMETER_COUNT > 1.2142188961646345
public method;br.com.meyer.services.DeviceService;br.com.meyer.services.DeviceService.addLinkToDevice;1,0;2,0;0,451612903226;31,0;14,0;9,0;4,0;40,0;32,0;8,0;MessageChain;MAX_CALL_CHAIN = 9.0
public method;br.com.meyer.services.DeviceService;br.com.meyer.services.DeviceService.addLinkToDevice;1,0;2,0;0,451612903226;31,0;14,0;9,0;4,0;40,0;32,0;8,0;IntensiveCoupling;CINT = 31.0, CDISP = 0.45161290322580644, CC > 1.0
public method;br.com.meyer.services.DeviceService;br.com.meyer.services.DeviceService.editDeviceLastCounter;2,0;2,0;1,0;2,0;1,0;1,0;0,0;3,0;7,0;4,0;LongParameterList;PARAMETER_COUNT > 1.2142188961646345
public method;br.com.meyer.services.DeviceService;br.com.meyer.services.DeviceService.addDevicesToContractByPrice;2,0;2,0;0,666666666667;9,0;3,0;2,0;2,0;9,0;12,0;4,0;LongParameterList;PARAMETER_COUNT > 1.2142188961646345
public method;br.com.meyer.services.DeviceService;br.com.meyer.services.DeviceService.addDevicesToContractByPrice;2,0;2,0;0,666666666667;9,0;3,0;2,0;2,0;9,0;12,0;4,0;DispersedCoupling;CINT > 8.0, CDISP > 0.5, CC > 1.0
public method;br.com.meyer.services.ModelService;br.com.meyer.services.ModelService.checkLimit;1,0;2,0;1,0;5,0;2,0;2,0;1,0;6,0;10,0;4,0;LongParameterList;PARAMETER_COUNT > 1.2142188961646345
public method;br.com.meyer.services.UserService;br.com.meyer.services.UserService.createUser;2,0;5,0;0,375;8,0;5,0;2,0;1,0;16,0;8,0;2,0;FeatureEnvy;CALLS_TO_br.com.meyer.model.user.User > 6
public method;br.com.meyer.services.UserService;br.com.meyer.services.UserService.updatePassword;2,0;2,0;1,0;1,0;1,0;1,0;0,0;2,0;5,0;4,0;LongParameterList;PARAMETER_COUNT > 1.2142188961646345
public method;br.com.meyer.util.JsonMapperObject;br.com.meyer.util.JsonMapperObject.JsonMapperObject;0,0;0,0;0,0;0,0;1,0;5,0;0,0;4,0;2,0;0,0;MessageChain;MAX_CALL_CHAIN = 5.0
private method;br.com.meyer.util.ModelUtils;br.com.meyer.util.ModelUtils.reduceStringContents;1,0;1,0;1,0;1,0;1,0;2,0;0,0;99,0;2,0;1,0;LongMethod;MLOC > 6.2319925163704415
public method;br.com.meyer.util.QueryBuilder;br.com.meyer.util.QueryBuilder.addOrNodes;3,0;5,0;0,0;0,0;2,0;4,0;1,0;8,0;6,0;1,0;MessageChain;MAX_CALL_CHAIN = 4.0
public method;br.com.meyer.controller.ClientControllerTest;br.com.meyer.controller.ClientControllerTest.shouldCreateClient;0,0;0,0;1,0;3,0;2,0;6,0;0,0;16,0;12,0;0,0;MessageChain;MAX_CALL_CHAIN = 6.0
public method;br.com.meyer.controller.ClientControllerTest;br.com.meyer.controller.ClientControllerTest.shouldRetrieveClient;0,0;0,0;1,0;2,0;2,0;5,0;0,0;7,0;5,0;0,0;MessageChain;MAX_CALL_CHAIN = 5.0
public method;br.com.meyer.controller.ClientControllerTest;br.com.meyer.controller.ClientControllerTest.shouldUpdateClient;0,0;0,0;1,0;3,0;2,0;6,0;0,0;10,0;10,0;0,0;MessageChain;MAX_CALL_CHAIN = 6.0
public method;br.com.meyer.controller.ClientControllerTest;br.com.meyer.controller.ClientControllerTest.shouldRemoveClient;0,0;0,0;1,0;2,0;2,0;5,0;0,0;7,0;5,0;0,0;MessageChain;MAX_CALL_CHAIN = 5.0
public method;br.com.meyer.controller.ClientControllerTest;br.com.meyer.controller.ClientControllerTest.shouldListAllClients;0,0;0,0;1,0;2,0;2,0;5,0;0,0;8,0;4,0;0,0;MessageChain;MAX_CALL_CHAIN = 5.0
public method;br.com.meyer.controller.ClientControllerTest;br.com.meyer.controller.ClientControllerTest.shouldListAllClientsWithStatus;0,0;0,0;1,0;2,0;2,0;5,0;0,0;8,0;4,0;0,0;MessageChain;MAX_CALL_CHAIN = 5.0
public method;br.com.meyer.controller.ClientControllerTest;br.com.meyer.controller.ClientControllerTest.shouldRetrieveClientsByDocument;0,0;0,0;1,0;2,0;2,0;4,0;0,0;7,0;4,0;0,0;MessageChain;MAX_CALL_CHAIN = 4.0
public method;br.com.meyer.controller.ClientControllerTest;br.com.meyer.controller.ClientControllerTest.shouldListClientsByText;0,0;0,0;1,0;2,0;2,0;5,0;0,0;7,0;4,0;0,0;MessageChain;MAX_CALL_CHAIN = 5.0
public method;br.com.meyer.controller.ClientControllerTest;br.com.meyer.controller.ClientControllerTest.shouldListClientsByTextWithStatus;0,0;0,0;1,0;2,0;2,0;5,0;0,0;7,0;4,0;0,0;MessageChain;MAX_CALL_CHAIN = 5.0
public method;br.com.meyer.controller.ClientControllerTest;br.com.meyer.controller.ClientControllerTest.shouldListClientsByStatus;0,0;0,0;1,0;2,0;2,0;5,0;0,0;7,0;4,0;0,0;MessageChain;MAX_CALL_CHAIN = 5.0
public method;br.com.meyer.controller.ClientControllerTest;br.com.meyer.controller.ClientControllerTest.shouldActivateClient;0,0;0,0;1,0;2,0;2,0;5,0;0,0;7,0;5,0;0,0;MessageChain;MAX_CALL_CHAIN = 5.0
public method;br.com.meyer.controller.ClientControllerTest;br.com.meyer.controller.ClientControllerTest.shouldGetAddress;0,0;0,0;0,0;0,0;2,0;5,0;0,0;5,0;1,0;0,0;MessageChain;MAX_CALL_CHAIN = 5.0
public method;br.com.meyer.controller.ClientControllerTest;br.com.meyer.controller.ClientControllerTest.shouldCreateClientContact;0,0;0,0;1,0;5,0;2,0;6,0;0,0;15,0;11,0;0,0;MessageChain;MAX_CALL_CHAIN = 6.0
public method;br.com.meyer.controller.ClientControllerTest;br.com.meyer.controller.ClientControllerTest.shouldRemoveClientContact;0,0;0,0;1,0;5,0;2,0;6,0;0,0;9,0;7,0;0,0;MessageChain;MAX_CALL_CHAIN = 6.0
public method;br.com.meyer.controller.ClientControllerTest;br.com.meyer.controller.ClientControllerTest.shouldRetrieveSimilarClientsByTerm;0,0;0,0;1,0;2,0;2,0;4,0;0,0;7,0;4,0;0,0;MessageChain;MAX_CALL_CHAIN = 4.0
public method;br.com.meyer.controller.ClientControllerTest;br.com.meyer.controller.ClientControllerTest.shouldRetrieveClientDTO;0,0;0,0;1,0;2,0;2,0;5,0;0,0;8,0;4,0;0,0;MessageChain;MAX_CALL_CHAIN = 5.0
public method;br.com.meyer.controller.ContractControllerTest;br.com.meyer.controller.ContractControllerTest.shouldCreateContract;0,0;0,0;0,625;8,0;2,0;6,0;0,0;18,0;19,0;0,0;MessageChain;MAX_CALL_CHAIN = 6.0
public method;br.com.meyer.controller.ContractControllerTest;br.com.meyer.controller.ContractControllerTest.shouldRetrieveContract;0,0;0,0;1,0;2,0;2,0;5,0;0,0;7,0;4,0;0,0;MessageChain;MAX_CALL_CHAIN = 5.0
public method;br.com.meyer.controller.ContractControllerTest;br.com.meyer.controller.ContractControllerTest.shouldEditContract;0,0;0,0;0,833333333333;6,0;2,0;6,0;0,0;9,0;7,0;0,0;MessageChain;MAX_CALL_CHAIN = 6.0
public method;br.com.meyer.controller.ContractControllerTest;br.com.meyer.controller.ContractControllerTest.shouldDeleteContract;0,0;0,0;1,0;2,0;2,0;5,0;0,0;7,0;4,0;0,0;MessageChain;MAX_CALL_CHAIN = 5.0
public method;br.com.meyer.controller.ContractControllerTest;br.com.meyer.controller.ContractControllerTest.shouldActivateContract;0,0;0,0;1,0;2,0;2,0;5,0;0,0;7,0;4,0;0,0;MessageChain;MAX_CALL_CHAIN = 5.0
public method;br.com.meyer.controller.ContractControllerTest;br.com.meyer.controller.ContractControllerTest.shouldListContracts;0,0;0,0;1,0;2,0;2,0;5,0;0,0;8,0;4,0;0,0;MessageChain;MAX_CALL_CHAIN = 5.0
public method;br.com.meyer.controller.ContractControllerTest;br.com.meyer.controller.ContractControllerTest.shouldListContractsWithStatus;0,0;0,0;1,0;2,0;2,0;5,0;0,0;8,0;4,0;0,0;MessageChain;MAX_CALL_CHAIN = 5.0
public method;br.com.meyer.controller.ContractControllerTest;br.com.meyer.controller.ContractControllerTest.shouldListContractsByAdvancedSearch;0,0;0,0;1,0;2,0;2,0;5,0;0,0;7,0;4,0;0,0;MessageChain;MAX_CALL_CHAIN = 5.0
public method;br.com.meyer.controller.ContractControllerTest;br.com.meyer.controller.ContractControllerTest.shouldListContractsByAdvancedSearchWithApprovalDateBefore;0,0;0,0;1,0;2,0;2,0;4,0;0,0;8,0;4,0;0,0;MessageChain;MAX_CALL_CHAIN = 4.0
public method;br.com.meyer.controller.ContractControllerTest;br.com.meyer.controller.ContractControllerTest.shouldListContractsByAdvancedSearchWithApprovalDateAfter;0,0;0,0;1,0;2,0;2,0;4,0;0,0;8,0;4,0;0,0;MessageChain;MAX_CALL_CHAIN = 4.0
public method;br.com.meyer.controller.ContractControllerTest;br.com.meyer.controller.ContractControllerTest.shouldListContractsByAdvancedSearchWithApprovalDateBetween;0,0;0,0;1,0;2,0;2,0;4,0;0,0;8,0;4,0;0,0;MessageChain;MAX_CALL_CHAIN = 4.0
public method;br.com.meyer.controller.ContractControllerTest;br.com.meyer.controller.ContractControllerTest.shouldListContractsByAdvancedSearchWithStatus;0,0;0,0;1,0;2,0;2,0;4,0;0,0;8,0;4,0;0,0;MessageChain;MAX_CALL_CHAIN = 4.0
public method;br.com.meyer.controller.ContractControllerTest;br.com.meyer.controller.ContractControllerTest.shouldListContractsByText;0,0;0,0;1,0;2,0;2,0;5,0;0,0;7,0;4,0;0,0;MessageChain;MAX_CALL_CHAIN = 5.0
public method;br.com.meyer.controller.ContractControllerTest;br.com.meyer.controller.ContractControllerTest.shouldListContractsByTextWithStatus;0,0;0,0;1,0;2,0;2,0;5,0;0,0;7,0;4,0;0,0;MessageChain;MAX_CALL_CHAIN = 5.0
public method;br.com.meyer.controller.ContractControllerTest;br.com.meyer.controller.ContractControllerTest.shouldListContractsByTextClientCode;0,0;0,0;1,0;2,0;2,0;5,0;0,0;7,0;4,0;0,0;MessageChain;MAX_CALL_CHAIN = 5.0
public method;br.com.meyer.controller.ContractControllerTest;br.com.meyer.controller.ContractControllerTest.shouldListContractsByStatus;0,0;0,0;1,0;2,0;2,0;5,0;0,0;7,0;4,0;0,0;MessageChain;MAX_CALL_CHAIN = 5.0
public method;br.com.meyer.controller.ContractControllerTest;br.com.meyer.controller.ContractControllerTest.shouldRetrieveContracts;0,0;0,0;1,0;2,0;2,0;4,0;0,0;7,0;4,0;0,0;MessageChain;MAX_CALL_CHAIN = 4.0
public method;br.com.meyer.controller.ContractControllerTest;br.com.meyer.controller.ContractControllerTest.shouldRetrieveContractsByModel;0,0;0,0;1,0;2,0;2,0;4,0;0,0;7,0;5,0;0,0;MessageChain;MAX_CALL_CHAIN = 4.0
public method;br.com.meyer.controller.ContractControllerTest;br.com.meyer.controller.ContractControllerTest.shouldListAvailableDevicesByModel;0,0;0,0;1,0;2,0;2,0;5,0;0,0;7,0;5,0;0,0;MessageChain;MAX_CALL_CHAIN = 5.0
public method;br.com.meyer.controller.ContractControllerTest;br.com.meyer.controller.ContractControllerTest.shouldListContractsWithoutDevice;0,0;0,0;1,0;2,0;2,0;5,0;0,0;7,0;4,0;0,0;MessageChain;MAX_CALL_CHAIN = 5.0
public method;br.com.meyer.controller.ContractControllerTest;br.com.meyer.controller.ContractControllerTest.shouldListContractsWithoutDeviceWithStatus;0,0;0,0;1,0;2,0;2,0;5,0;0,0;7,0;4,0;0,0;MessageChain;MAX_CALL_CHAIN = 5.0
public method;br.com.meyer.controller.ContractControllerTest;br.com.meyer.controller.ContractControllerTest.shouldExtendContractDeadline;0,0;0,0;1,0;2,0;2,0;5,0;0,0;10,0;6,0;0,0;MessageChain;MAX_CALL_CHAIN = 5.0
public method;br.com.meyer.controller.ContractControllerTest;br.com.meyer.controller.ContractControllerTest.shouldGetContractExtensions;0,0;0,0;1,0;2,0;2,0;4,0;0,0;7,0;4,0;0,0;MessageChain;MAX_CALL_CHAIN = 4.0
public method;br.com.meyer.controller.ContractControllerTest;br.com.meyer.controller.ContractControllerTest.shouldAddContractAmendment;0,0;0,0;1,0;3,0;2,0;6,0;0,0;15,0;12,0;0,0;MessageChain;MAX_CALL_CHAIN = 6.0
public method;br.com.meyer.controller.ContractControllerTest;br.com.meyer.controller.ContractControllerTest.shouldAddNextContractAmendment;0,0;0,0;1,0;3,0;2,0;6,0;0,0;15,0;12,0;0,0;MessageChain;MAX_CALL_CHAIN = 6.0
public method;br.com.meyer.controller.ContractControllerTest;br.com.meyer.controller.ContractControllerTest.shouldListDevicesByContractNumber;0,0;0,0;1,0;2,0;2,0;4,0;0,0;7,0;4,0;0,0;MessageChain;MAX_CALL_CHAIN = 4.0
public method;br.com.meyer.controller.DeviceControllerExternalTest;br.com.meyer.controller.DeviceControllerExternalTest.shouldGroupByReadingDate;0,0;0,0;1,0;2,0;2,0;4,0;0,0;9,0;5,0;0,0;MessageChain;MAX_CALL_CHAIN = 4.0
public method;br.com.meyer.controller.DeviceControllerExternalTest;br.com.meyer.controller.DeviceControllerExternalTest.testedovictor;0,0;0,0;1,0;2,0;2,0;4,0;0,0;6,0;5,0;0,0;MessageChain;MAX_CALL_CHAIN = 4.0
public method;br.com.meyer.controller.DeviceControllerExternalTest;br.com.meyer.controller.DeviceControllerExternalTest.getDeviceReadingHistoryLastSixMonths;0,0;0,0;1,0;2,0;2,0;4,0;0,0;6,0;4,0;0,0;MessageChain;MAX_CALL_CHAIN = 4.0
public method;br.com.meyer.controller.DeviceControllerExternalTest;br.com.meyer.controller.DeviceControllerExternalTest.shouldRetrieveSimilarDevicesByTerm;0,0;0,0;1,0;2,0;2,0;4,0;0,0;6,0;3,0;0,0;MessageChain;MAX_CALL_CHAIN = 4.0
public method;br.com.meyer.controller.DeviceControllerTest;br.com.meyer.controller.DeviceControllerTest.shouldListAllDevices;0,0;0,0;1,0;2,0;2,0;5,0;0,0;8,0;4,0;0,0;MessageChain;MAX_CALL_CHAIN = 5.0
public method;br.com.meyer.controller.DeviceControllerTest;br.com.meyer.controller.DeviceControllerTest.shouldEditDevice;0,0;0,0;1,0;3,0;2,0;6,0;0,0;10,0;12,0;0,0;MessageChain;MAX_CALL_CHAIN = 6.0
public method;br.com.meyer.controller.DeviceControllerTest;br.com.meyer.controller.DeviceControllerTest.shouldAlterDeviceStatus;0,0;0,0;1,0;2,0;2,0;5,0;0,0;11,0;8,0;0,0;MessageChain;MAX_CALL_CHAIN = 5.0
public method;br.com.meyer.controller.DeviceControllerTest;br.com.meyer.controller.DeviceControllerTest.shouldNotAlterDeviceStatus;0,0;0,0;1,0;2,0;2,0;5,0;0,0;10,0;7,0;0,0;MessageChain;MAX_CALL_CHAIN = 5.0
public method;br.com.meyer.controller.DeviceControllerTest;br.com.meyer.controller.DeviceControllerTest.shouldCreateDevice;0,0;0,0;0,714285714286;7,0;2,0;6,0;0,0;9,0;13,0;0,0;MessageChain;MAX_CALL_CHAIN = 6.0
public method;br.com.meyer.controller.DeviceControllerTest;br.com.meyer.controller.DeviceControllerTest.shouldNotCreateDevice;0,0;0,0;0,666666666667;6,0;2,0;6,0;0,0;8,0;7,0;0,0;MessageChain;MAX_CALL_CHAIN = 6.0
public method;br.com.meyer.controller.DeviceControllerTest;br.com.meyer.controller.DeviceControllerTest.shouldNotFindDevice;0,0;0,0;1,0;2,0;2,0;5,0;0,0;10,0;7,0;0,0;MessageChain;MAX_CALL_CHAIN = 5.0
public method;br.com.meyer.controller.DeviceControllerTest;br.com.meyer.controller.DeviceControllerTest.shouldNotFindStatus;0,0;0,0;1,0;2,0;2,0;5,0;0,0;9,0;6,0;0,0;MessageChain;MAX_CALL_CHAIN = 5.0
public method;br.com.meyer.controller.DeviceControllerTest;br.com.meyer.controller.DeviceControllerTest.shouldListDeviceVersions;0,0;0,0;1,0;2,0;2,0;4,0;0,0;7,0;5,0;0,0;MessageChain;MAX_CALL_CHAIN = 4.0
public method;br.com.meyer.controller.DeviceControllerTest;br.com.meyer.controller.DeviceControllerTest.shouldUpdateDeviceVersions;0,0;0,0;1,0;2,0;3,0;5,0;0,0;14,0;8,0;0,0;MessageChain;MAX_CALL_CHAIN = 5.0
public method;br.com.meyer.controller.DeviceControllerTest;br.com.meyer.controller.DeviceControllerTest.shouldListDevicesByText;0,0;0,0;1,0;2,0;2,0;7,0;0,0;9,0;4,0;0,0;MessageChain;MAX_CALL_CHAIN = 7.0
public method;br.com.meyer.controller.DeviceControllerTest;br.com.meyer.controller.DeviceControllerTest.shouldListDevicesByStatus;0,0;0,0;1,0;2,0;2,0;5,0;0,0;7,0;4,0;0,0;MessageChain;MAX_CALL_CHAIN = 5.0
public method;br.com.meyer.controller.DeviceControllerTest;br.com.meyer.controller.DeviceControllerTest.shouldListDevicesByTextWithStatus;0,0;0,0;1,0;2,0;2,0;5,0;0,0;9,0;4,0;0,0;MessageChain;MAX_CALL_CHAIN = 5.0
public method;br.com.meyer.controller.DeviceControllerTest;br.com.meyer.controller.DeviceControllerTest.shouldListNumberOfDevicesByStatus;0,0;0,0;1,0;2,0;2,0;4,0;0,0;8,0;4,0;0,0;MessageChain;MAX_CALL_CHAIN = 4.0
public method;br.com.meyer.controller.DeviceControllerTest;br.com.meyer.controller.DeviceControllerTest.shouldThrowWrongIdParameterException;0,0;0,0;1,0;2,0;2,0;5,0;0,0;8,0;4,0;0,0;MessageChain;MAX_CALL_CHAIN = 5.0
public method;br.com.meyer.controller.DeviceControllerTest;br.com.meyer.controller.DeviceControllerTest.shouldListDeviceByAdvancedSearch;0,0;0,0;1,0;2,0;2,0;5,0;0,0;8,0;4,0;0,0;MessageChain;MAX_CALL_CHAIN = 5.0
public method;br.com.meyer.controller.DeviceControllerTest;br.com.meyer.controller.DeviceControllerTest.shouldListModelSizes;0,0;0,0;1,0;2,0;2,0;4,0;0,0;7,0;4,0;0,0;MessageChain;MAX_CALL_CHAIN = 4.0
public method;br.com.meyer.controller.DeviceControllerTest;br.com.meyer.controller.DeviceControllerTest.shouldRetrieveDevice;0,0;0,0;1,0;2,0;2,0;4,0;0,0;8,0;4,0;0,0;MessageChain;MAX_CALL_CHAIN = 4.0
public method;br.com.meyer.controller.DeviceControllerTest;br.com.meyer.controller.DeviceControllerTest.shouldCreateDeviceFromAlterdata;0,0;0,0;1,0;4,0;1,0;5,0;0,0;6,0;5,0;0,0;MessageChain;MAX_CALL_CHAIN = 5.0
public method;br.com.meyer.controller.DeviceControllerTest;br.com.meyer.controller.DeviceControllerTest.shouldUpdateDeviceFromAlterdata;0,0;0,0;1,0;3,0;2,0;6,0;0,0;8,0;6,0;0,0;MessageChain;MAX_CALL_CHAIN = 6.0
public method;br.com.meyer.controller.DeviceControllerTest;br.com.meyer.controller.DeviceControllerTest.shouldUpdateDeviceAddress;0,0;0,0;1,0;2,0;2,0;5,0;0,0;10,0;7,0;0,0;MessageChain;MAX_CALL_CHAIN = 5.0
public method;br.com.meyer.controller.DeviceControllerTest;br.com.meyer.controller.DeviceControllerTest.shouldDeleteDeviceFromAlterdata;0,0;0,0;1,0;3,0;1,0;4,0;0,0;6,0;4,0;0,0;MessageChain;MAX_CALL_CHAIN = 4.0
public method;br.com.meyer.controller.DeviceControllerTest;br.com.meyer.controller.DeviceControllerTest.shouldListDevicesByModel;0,0;0,0;1,0;4,0;2,0;5,0;0,0;8,0;6,0;0,0;MessageChain;MAX_CALL_CHAIN = 5.0
public method;br.com.meyer.controller.DeviceControllerTest;br.com.meyer.controller.DeviceControllerTest.listDevicesByContractNumber;0,0;0,0;1,0;2,0;2,0;4,0;0,0;8,0;5,0;0,0;MessageChain;MAX_CALL_CHAIN = 4.0
public method;br.com.meyer.controller.DeviceControllerTest;br.com.meyer.controller.DeviceControllerTest.shouldFillInDeviceReading;0,0;0,0;0,8;5,0;3,0;6,0;0,0;23,0;15,0;0,0;MessageChain;MAX_CALL_CHAIN = 6.0
public method;br.com.meyer.controller.DeviceControllerTest;br.com.meyer.controller.DeviceControllerTest.shouldListDeviceReadings;0,0;0,0;1,0;2,0;2,0;4,0;0,0;7,0;4,0;0,0;MessageChain;MAX_CALL_CHAIN = 4.0
public method;br.com.meyer.controller.DeviceControllerTest;br.com.meyer.controller.DeviceControllerTest.shouldReserveDeviceToClient;0,0;0,0;1,0;2,0;2,0;5,0;0,0;11,0;8,0;0,0;MessageChain;MAX_CALL_CHAIN = 5.0
public method;br.com.meyer.controller.DeviceControllerTest;br.com.meyer.controller.DeviceControllerTest.shouldMergeDevices;0,0;0,0;1,0;4,0;1,0;6,0;0,0;9,0;9,0;0,0;MessageChain;MAX_CALL_CHAIN = 6.0
public method;br.com.meyer.controller.DeviceControllerTest;br.com.meyer.controller.DeviceControllerTest.shouldThrowMergeDeviceException;0,0;0,0;1,0;4,0;2,0;6,0;0,0;9,0;8,0;0,0;MessageChain;MAX_CALL_CHAIN = 6.0
public method;br.com.meyer.controller.DeviceControllerTest;br.com.meyer.controller.DeviceControllerTest.shouldRevertDeviceHistory;0,0;0,0;1,0;3,0;1,0;4,0;0,0;9,0;8,0;0,0;MessageChain;MAX_CALL_CHAIN = 4.0
public method;br.com.meyer.controller.DeviceControllerTest;br.com.meyer.controller.DeviceControllerTest.shouldRetrieveUsedDevices;0,0;0,0;1,0;2,0;2,0;4,0;0,0;7,0;4,0;0,0;MessageChain;MAX_CALL_CHAIN = 4.0
public method;br.com.meyer.controller.DeviceControllerTest;br.com.meyer.controller.DeviceControllerTest.shouldRetrieveUsedDevicesFromDate;0,0;0,0;1,0;2,0;2,0;4,0;0,0;7,0;4,0;0,0;MessageChain;MAX_CALL_CHAIN = 4.0
public method;br.com.meyer.controller.DeviceControllerTest;br.com.meyer.controller.DeviceControllerTest.shouldRetrieveUsedDevicesUntilDate;0,0;0,0;1,0;2,0;2,0;4,0;0,0;7,0;4,0;0,0;MessageChain;MAX_CALL_CHAIN = 4.0
public method;br.com.meyer.controller.DeviceControllerTest;br.com.meyer.controller.DeviceControllerTest.shouldAttachNewContractToDevice;0,0;0,0;1,0;4,0;2,0;6,0;0,0;8,0;8,0;0,0;MessageChain;MAX_CALL_CHAIN = 6.0
public method;br.com.meyer.controller.DeviceControllerTest;br.com.meyer.controller.DeviceControllerTest.shouldMergeDeviceCounters;0,0;0,0;1,0;4,0;1,0;7,0;0,0;9,0;10,0;0,0;FeatureEnvy;CALLS_TO_br.com.meyer.repository.DeviceRepository > 4
public method;br.com.meyer.controller.DeviceControllerTest;br.com.meyer.controller.DeviceControllerTest.shouldMergeDeviceCounters;0,0;0,0;1,0;4,0;1,0;7,0;0,0;9,0;10,0;0,0;MessageChain;MAX_CALL_CHAIN = 7.0
public method;br.com.meyer.controller.DeviceControllerTest;br.com.meyer.controller.DeviceControllerTest.shouldRetrieveSimilarDevicesByTerm;0,0;0,0;1,0;2,0;2,0;4,0;0,0;6,0;4,0;0,0;MessageChain;MAX_CALL_CHAIN = 4.0
public method;br.com.meyer.controller.DeviceControllerTest;br.com.meyer.controller.DeviceControllerTest.shouldListDevicesNoAuth;0,0;0,0;1,0;2,0;2,0;4,0;0,0;7,0;3,0;0,0;MessageChain;MAX_CALL_CHAIN = 4.0
public method;br.com.meyer.controller.DeviceControllerTest;br.com.meyer.controller.DeviceControllerTest.shouldThrowCounterException;0,0;0,0;1,0;3,0;2,0;6,0;0,0;10,0;9,0;0,0;MessageChain;MAX_CALL_CHAIN = 6.0
public method;br.com.meyer.controller.DeviceControllerTest;br.com.meyer.controller.DeviceControllerTest.shouldUpdateContractValues;0,0;0,0;0,875;8,0;1,0;4,0;0,0;11,0;9,0;0,0;MessageChain;MAX_CALL_CHAIN = 4.0
public method;br.com.meyer.controller.DeviceControllerTest;br.com.meyer.controller.DeviceControllerTest.shouldSumAllTheCounters;0,0;0,0;1,0;2,0;2,0;8,0;0,0;7,0;4,0;0,0;MessageChain;MAX_CALL_CHAIN = 8.0
public method;br.com.meyer.controller.DeviceControllerTest;br.com.meyer.controller.DeviceControllerTest.shouldEditDeviceLastCounter;0,0;0,0;1,0;3,0;2,0;7,0;0,0;10,0;9,0;0,0;MessageChain;MAX_CALL_CHAIN = 7.0
public method;br.com.meyer.controller.DeviceControllerTest;br.com.meyer.controller.DeviceControllerTest.shouldRemoveNextContractValue;0,0;0,0;1,0;4,0;1,0;4,0;0,0;7,0;6,0;0,0;MessageChain;MAX_CALL_CHAIN = 4.0
public method;br.com.meyer.controller.DeviceControllerTest;br.com.meyer.controller.DeviceControllerTest.shouldListDeviceByParameters;0,0;0,0;1,0;3,0;2,0;5,0;0,0;11,0;8,0;0,0;MessageChain;MAX_CALL_CHAIN = 5.0
public method;br.com.meyer.controller.DeviceControllerTest;br.com.meyer.controller.DeviceControllerTest.shouldAddDevicesToContractByPrice;0,0;0,0;1,0;5,0;1,0;5,0;0,0;10,0;10,0;0,0;MessageChain;MAX_CALL_CHAIN = 5.0
public method;br.com.meyer.controller.ModelControllerTest;br.com.meyer.controller.ModelControllerTest.shouldCreateModel;0,0;0,0;1,0;3,0;2,0;5,0;0,0;8,0;8,0;0,0;MessageChain;MAX_CALL_CHAIN = 5.0
public method;br.com.meyer.controller.ModelControllerTest;br.com.meyer.controller.ModelControllerTest.shouldNotCreateModel;0,0;0,0;1,0;3,0;2,0;5,0;0,0;8,0;7,0;0,0;MessageChain;MAX_CALL_CHAIN = 5.0
public method;br.com.meyer.controller.ModelControllerTest;br.com.meyer.controller.ModelControllerTest.shouldRetrieveModel;0,0;0,0;1,0;2,0;2,0;5,0;0,0;7,0;4,0;0,0;MessageChain;MAX_CALL_CHAIN = 5.0
public method;br.com.meyer.controller.ModelControllerTest;br.com.meyer.controller.ModelControllerTest.shouldEditModel;0,0;0,0;1,0;3,0;2,0;5,0;0,0;11,0;9,0;0,0;MessageChain;MAX_CALL_CHAIN = 5.0
public method;br.com.meyer.controller.ModelControllerTest;br.com.meyer.controller.ModelControllerTest.shouldDeleteModel;0,0;0,0;1,0;4,0;2,0;4,0;0,0;11,0;8,0;0,0;MessageChain;MAX_CALL_CHAIN = 4.0
public method;br.com.meyer.controller.ModelControllerTest;br.com.meyer.controller.ModelControllerTest.shouldNotDeleteModel;0,0;0,0;1,0;2,0;2,0;4,0;0,0;9,0;5,0;0,0;MessageChain;MAX_CALL_CHAIN = 4.0
public method;br.com.meyer.controller.ModelControllerTest;br.com.meyer.controller.ModelControllerTest.shouldListModelSizes;0,0;0,0;1,0;2,0;2,0;4,0;0,0;7,0;4,0;0,0;MessageChain;MAX_CALL_CHAIN = 4.0
public method;br.com.meyer.controller.ModelControllerTest;br.com.meyer.controller.ModelControllerTest.shouldListModelsByManufacturer;0,0;0,0;1,0;2,0;2,0;4,0;0,0;7,0;4,0;0,0;MessageChain;MAX_CALL_CHAIN = 4.0
public method;br.com.meyer.controller.ModelControllerTest;br.com.meyer.controller.ModelControllerTest.shouldListModelsByAutocomplete;0,0;0,0;1,0;2,0;2,0;4,0;0,0;7,0;4,0;0,0;MessageChain;MAX_CALL_CHAIN = 4.0
public method;br.com.meyer.controller.ModelControllerTest;br.com.meyer.controller.ModelControllerTest.shouldListModelTypes;0,0;0,0;1,0;2,0;2,0;4,0;0,0;7,0;4,0;0,0;MessageChain;MAX_CALL_CHAIN = 4.0
public method;br.com.meyer.controller.ModelControllerTest;br.com.meyer.controller.ModelControllerTest.shouldListModelsLimitedByCounterType;0,0;0,0;1,0;2,0;2,0;4,0;0,0;7,0;4,0;0,0;MessageChain;MAX_CALL_CHAIN = 4.0
public method;br.com.meyer.controller.ModelControllerTest;br.com.meyer.controller.ModelControllerTest.shouldListDevicesByModel;0,0;0,0;1,0;2,0;2,0;4,0;0,0;7,0;4,0;0,0;MessageChain;MAX_CALL_CHAIN = 4.0
public method;br.com.meyer.controller.ModelControllerTest;br.com.meyer.controller.ModelControllerTest.shouldMergeModel;0,0;0,0;1,0;5,0;1,0;5,0;0,0;7,0;8,0;0,0;MessageChain;MAX_CALL_CHAIN = 5.0
public method;br.com.meyer.controller.ModelControllerTest;br.com.meyer.controller.ModelControllerTest.shouldThrowModelMergeException;0,0;0,0;1,0;4,0;2,0;5,0;0,0;9,0;8,0;0,0;MessageChain;MAX_CALL_CHAIN = 5.0
public method;br.com.meyer.controller.ModelControllerTest;br.com.meyer.controller.ModelControllerTest.shouldListAllModels;0,0;0,0;1,0;2,0;2,0;4,0;0,0;7,0;4,0;0,0;MessageChain;MAX_CALL_CHAIN = 4.0
public method;br.com.meyer.controller.UserControllerTest;br.com.meyer.controller.UserControllerTest.shouldCreateUser;0,0;0,0;1,0;3,0;2,0;6,0;0,0;13,0;12,0;0,0;MessageChain;MAX_CALL_CHAIN = 6.0
public method;br.com.meyer.controller.UserControllerTest;br.com.meyer.controller.UserControllerTest.shouldNotCreateUserWithShortPassword;0,0;0,0;1,0;3,0;2,0;6,0;0,0;13,0;12,0;0,0;MessageChain;MAX_CALL_CHAIN = 6.0
public method;br.com.meyer.controller.UserControllerTest;br.com.meyer.controller.UserControllerTest.shouldEditUser;0,0;0,0;1,0;3,0;2,0;6,0;0,0;14,0;11,0;0,0;MessageChain;MAX_CALL_CHAIN = 6.0
public method;br.com.meyer.controller.UserControllerTest;br.com.meyer.controller.UserControllerTest.shouldRemoveUser;0,0;0,0;1,0;2,0;2,0;5,0;0,0;7,0;4,0;0,0;MessageChain;MAX_CALL_CHAIN = 5.0
public method;br.com.meyer.controller.UserControllerTest;br.com.meyer.controller.UserControllerTest.shouldListUsers;0,0;0,0;1,0;2,0;2,0;4,0;0,0;7,0;4,0;0,0;MessageChain;MAX_CALL_CHAIN = 4.0
public method;br.com.meyer.controller.UserControllerTest;br.com.meyer.controller.UserControllerTest.shouldListAllPermission;0,0;0,0;1,0;2,0;2,0;4,0;0,0;7,0;4,0;0,0;MessageChain;MAX_CALL_CHAIN = 4.0
public method;br.com.meyer.controller.UserControllerTest;br.com.meyer.controller.UserControllerTest.shouldThrowTokenException;0,0;0,0;0,0;0,0;2,0;5,0;0,0;7,0;2,0;0,0;MessageChain;MAX_CALL_CHAIN = 5.0
public method;br.com.meyer.controller.UserControllerTest;br.com.meyer.controller.UserControllerTest.shouldListSellersDevices;0,0;0,0;1,0;2,0;2,0;4,0;0,0;8,0;5,0;0,0;MessageChain;MAX_CALL_CHAIN = 4.0
public method;br.com.meyer.controller.UserControllerTest;br.com.meyer.controller.UserControllerTest.shouldThrowReactivationException;0,0;0,0;0,75;4,0;2,0;6,0;0,0;9,0;7,0;0,0;MessageChain;MAX_CALL_CHAIN = 6.0
public method;br.com.meyer.controller.UserControllerTest;br.com.meyer.controller.UserControllerTest.shouldListUsersByStatus;0,0;0,0;1,0;2,0;2,0;4,0;0,0;7,0;4,0;0,0;MessageChain;MAX_CALL_CHAIN = 4.0
public method;br.com.meyer.controller.UserControllerTest;br.com.meyer.controller.UserControllerTest.shouldListDeviceByGroup;0,0;0,0;1,0;2,0;2,0;4,0;0,0;7,0;4,0;0,0;MessageChain;MAX_CALL_CHAIN = 4.0
public method;br.com.meyer.controller.UserControllerTest;br.com.meyer.controller.UserControllerTest.shouldRetrieveSellersByName;0,0;0,0;1,0;2,0;2,0;4,0;0,0;7,0;4,0;0,0;MessageChain;MAX_CALL_CHAIN = 4.0
public method;br.com.meyer.controller.UserControllerTest;br.com.meyer.controller.UserControllerTest.shouldCheckPassword;0,0;0,0;1,0;2,0;2,0;5,0;0,0;10,0;7,0;0,0;MessageChain;MAX_CALL_CHAIN = 5.0
public method;br.com.meyer.controller.UserControllerTest;br.com.meyer.controller.UserControllerTest.updatePassword;0,0;0,0;0,666666666667;3,0;1,0;5,0;0,0;9,0;7,0;0,0;MessageChain;MAX_CALL_CHAIN = 5.0
public method;br.com.meyer.repository.ClientRepositoryTest;br.com.meyer.repository.ClientRepositoryTest.shouldUpdateClient;0,0;0,0;1,0;2,0;1,0;4,0;0,0;7,0;8,0;0,0;MessageChain;MAX_CALL_CHAIN = 4.0
public method;br.com.meyer.repository.ClientRepositoryTest;br.com.meyer.repository.ClientRepositoryTest.shouldRemoveClient;0,0;0,0;1,0;2,0;1,0;4,0;0,0;4,0;4,0;0,0;MessageChain;MAX_CALL_CHAIN = 4.0
public method;br.com.meyer.repository.ClientRepositoryTest;br.com.meyer.repository.ClientRepositoryTest.shouldActivateClient;0,0;0,0;0,666666666667;3,0;1,0;4,0;0,0;6,0;5,0;0,0;MessageChain;MAX_CALL_CHAIN = 4.0
public method;br.com.meyer.repository.ClientRepositoryTest;br.com.meyer.repository.ClientRepositoryTest.shouldFindClientByCode;0,0;0,0;1,0;2,0;1,0;4,0;0,0;3,0;0,0;0,0;MessageChain;MAX_CALL_CHAIN = 4.0
public method;br.com.meyer.repository.ClientRepositoryTest;br.com.meyer.repository.ClientRepositoryTest.shouldCreateClientContact;0,0;0,0;1,0;3,0;1,0;4,0;0,0;12,0;9,0;0,0;MessageChain;MAX_CALL_CHAIN = 4.0
public method;br.com.meyer.repository.ClientRepositoryTest;br.com.meyer.repository.ClientRepositoryTest.shouldRemoveClientContact;0,0;0,0;1,0;2,0;1,0;4,0;0,0;5,0;2,0;0,0;MessageChain;MAX_CALL_CHAIN = 4.0
public method;br.com.meyer.repository.ContractRepositoryTest;br.com.meyer.repository.ContractRepositoryTest.shouldCreateContract;0,0;0,0;0,8;10,0;1,0;5,0;0,0;15,0;18,0;0,0;MessageChain;MAX_CALL_CHAIN = 5.0
public method;br.com.meyer.repository.ContractRepositoryTest;br.com.meyer.repository.ContractRepositoryTest.shouldDeleteContract;0,0;0,0;1,0;4,0;1,0;5,0;0,0;4,0;3,0;0,0;MessageChain;MAX_CALL_CHAIN = 5.0
public method;br.com.meyer.repository.ContractRepositoryTest;br.com.meyer.repository.ContractRepositoryTest.shouldListContractsByText;0,0;0,0;1,0;1,0;1,0;3,0;0,0;6,0;2,0;0,0;FeatureEnvy;CALLS_TO_br.com.meyer.services.ContractService > 4
public method;br.com.meyer.repository.ContractRepositoryTest;br.com.meyer.repository.ContractRepositoryTest.shouldRetrieveContracts;0,0;0,0;1,0;1,0;1,0;4,0;0,0;3,0;2,0;0,0;MessageChain;MAX_CALL_CHAIN = 4.0
public method;br.com.meyer.repository.ContractRepositoryTest;br.com.meyer.repository.ContractRepositoryTest.shouldEditAndRemoveContractCounters;0,0;0,0;0,8;5,0;1,0;5,0;0,0;7,0;5,0;0,0;MessageChain;MAX_CALL_CHAIN = 5.0
public method;br.com.meyer.repository.ContractRepositoryTest;br.com.meyer.repository.ContractRepositoryTest.shouldAddContractCounters;0,0;0,0;1,0;4,0;1,0;5,0;0,0;13,0;13,0;0,0;MessageChain;MAX_CALL_CHAIN = 5.0
public method;br.com.meyer.repository.ContractRepositoryTest;br.com.meyer.repository.ContractRepositoryTest.shouldExtendContractDeadline;0,0;0,0;1,0;2,0;1,0;4,0;0,0;6,0;3,0;0,0;MessageChain;MAX_CALL_CHAIN = 4.0
public method;br.com.meyer.repository.ContractRepositoryTest;br.com.meyer.repository.ContractRepositoryTest.shouldAddContractAmendment;0,0;0,0;0,666666666667;6,0;1,0;5,0;0,0;17,0;13,0;0,0;MessageChain;MAX_CALL_CHAIN = 5.0
public method;br.com.meyer.repository.ContractRepositoryTest;br.com.meyer.repository.ContractRepositoryTest.shouldAddNextContractAmendment;0,0;0,0;0,75;4,0;1,0;5,0;0,0;12,0;10,0;0,0;MessageChain;MAX_CALL_CHAIN = 5.0
public method;br.com.meyer.repository.ContractRepositoryTest;br.com.meyer.repository.ContractRepositoryTest.shouldFindContractsApprovedBeforeDate;0,0;0,0;1,0;1,0;1,0;5,0;0,0;6,0;3,0;0,0;MessageChain;MAX_CALL_CHAIN = 5.0
public method;br.com.meyer.repository.ContractRepositoryTest;br.com.meyer.repository.ContractRepositoryTest.shouldFindContractsApprovedAfterDate;0,0;0,0;1,0;1,0;1,0;6,0;0,0;6,0;3,0;0,0;MessageChain;MAX_CALL_CHAIN = 6.0
public method;br.com.meyer.repository.ContractRepositoryTest;br.com.meyer.repository.ContractRepositoryTest.shouldFindContractsBetweenDates;0,0;0,0;1,0;1,0;1,0;6,0;0,0;7,0;3,0;0,0;MessageChain;MAX_CALL_CHAIN = 6.0
public method;br.com.meyer.repository.ContractRepositoryTest;br.com.meyer.repository.ContractRepositoryTest.shouldApproveContract;0,0;0,0;1,0;3,0;1,0;4,0;0,0;4,0;4,0;0,0;MessageChain;MAX_CALL_CHAIN = 4.0
public method;br.com.meyer.repository.DeviceRepositoryTest;br.com.meyer.repository.DeviceRepositoryTest.shouldEditDevice;0,0;0,0;1,0;2,0;1,0;5,0;0,0;5,0;10,0;0,0;MessageChain;MAX_CALL_CHAIN = 5.0
public method;br.com.meyer.repository.DeviceRepositoryTest;br.com.meyer.repository.DeviceRepositoryTest.shouldAlterDeviceStatus;0,0;0,0;0,857142857143;7,0;1,0;5,0;0,0;14,0;14,0;0,0;FeatureEnvy;CALLS_TO_br.com.meyer.repository.DeviceRepository > 5
public method;br.com.meyer.repository.DeviceRepositoryTest;br.com.meyer.repository.DeviceRepositoryTest.shouldAlterDeviceStatus;0,0;0,0;0,857142857143;7,0;1,0;5,0;0,0;14,0;14,0;0,0;MessageChain;MAX_CALL_CHAIN = 5.0
public method;br.com.meyer.repository.DeviceRepositoryTest;br.com.meyer.repository.DeviceRepositoryTest.shouldListDevicesByText;0,0;0,0;1,0;1,0;1,0;3,0;0,0;16,0;6,0;0,0;FeatureEnvy;CALLS_TO_br.com.meyer.services.DeviceService > 7
public method;br.com.meyer.repository.DeviceRepositoryTest;br.com.meyer.repository.DeviceRepositoryTest.shouldIncreaseDeviceMultipleVersion;0,0;0,0;0,5;4,0;1,0;3,0;0,0;14,0;16,0;0,0;FeatureEnvy;CALLS_TO_br.com.meyer.services.DeviceService > 5
public method;br.com.meyer.repository.DeviceRepositoryTest;br.com.meyer.repository.DeviceRepositoryTest.shouldAttachContractToDevice;0,0;0,0;1,0;2,0;1,0;6,0;0,0;7,0;8,0;0,0;MessageChain;MAX_CALL_CHAIN = 6.0
public method;br.com.meyer.repository.DeviceRepositoryTest;br.com.meyer.repository.DeviceRepositoryTest.shouldFillInReading;0,0;0,0;1,0;3,0;1,0;6,0;0,0;12,0;11,0;0,0;MessageChain;MAX_CALL_CHAIN = 6.0
public method;br.com.meyer.repository.DeviceRepositoryTest;br.com.meyer.repository.DeviceRepositoryTest.shouldReserveDeviceToClient;0,0;0,0;1,0;2,0;1,0;4,0;0,0;4,0;6,0;0,0;MessageChain;MAX_CALL_CHAIN = 4.0
public method;br.com.meyer.repository.DeviceRepositoryTest;br.com.meyer.repository.DeviceRepositoryTest.shouldMergeDeviceCounters;0,0;0,0;1,0;4,0;1,0;6,0;0,0;5,0;6,0;0,0;MessageChain;MAX_CALL_CHAIN = 6.0
public method;br.com.meyer.repository.DeviceRepositoryTest;br.com.meyer.repository.DeviceRepositoryTest.shouldDoDeviceReading;0,0;0,0;0,75;4,0;1,0;3,0;0,0;18,0;14,0;0,0;FeatureEnvy;CALLS_TO_br.com.meyer.services.DeviceService > 5
public method;br.com.meyer.repository.DeviceRepositoryTest;br.com.meyer.repository.DeviceRepositoryTest.shouldAttachContractToSingleDeviceByClient;0,0;0,0;1,0;4,0;1,0;5,0;0,0;4,0;7,0;0,0;MessageChain;MAX_CALL_CHAIN = 5.0
public method;br.com.meyer.repository.DeviceRepositoryTest;br.com.meyer.repository.DeviceRepositoryTest.shouldAddEventLink;0,0;0,0;1,0;3,0;1,0;5,0;0,0;4,0;7,0;0,0;MessageChain;MAX_CALL_CHAIN = 5.0
public method;br.com.meyer.repository.DeviceRepositoryTest;br.com.meyer.repository.DeviceRepositoryTest.shouldUpdateContractValues;0,0;0,0;0,857142857143;7,0;1,0;4,0;0,0;10,0;7,0;0,0;MessageChain;MAX_CALL_CHAIN = 4.0
public method;br.com.meyer.repository.DeviceRepositoryTest;br.com.meyer.repository.DeviceRepositoryTest.shouldEditDeviceLastCounter;0,0;0,0;1,0;2,0;1,0;5,0;0,0;7,0;7,0;0,0;MessageChain;MAX_CALL_CHAIN = 5.0
public method;br.com.meyer.repository.DeviceRepositoryTest;br.com.meyer.repository.DeviceRepositoryTest.shouldAddDevicesToContractByPrice;0,0;0,0;1,0;3,0;1,0;5,0;0,0;9,0;7,0;0,0;MessageChain;MAX_CALL_CHAIN = 5.0
public method;br.com.meyer.repository.ModelRepositoryTest;br.com.meyer.repository.ModelRepositoryTest.shouldRetrieveModelByName;0,0;0,0;1,0;3,0;1,0;5,0;0,0;3,0;1,0;0,0;MessageChain;MAX_CALL_CHAIN = 5.0
public method;br.com.meyer.repository.ModelRepositoryTest;br.com.meyer.repository.ModelRepositoryTest.shouldEditModel;0,0;0,0;0,8;5,0;1,0;5,0;0,0;7,0;9,0;0,0;MessageChain;MAX_CALL_CHAIN = 5.0
public method;br.com.meyer.repository.UserRepositoryTest;br.com.meyer.repository.UserRepositoryTest.shouldRemoveUser;0,0;0,0;1,0;2,0;1,0;4,0;0,0;4,0;3,0;0,0;MessageChain;MAX_CALL_CHAIN = 4.0
public method;br.com.meyer.repository.UserRepositoryTest;br.com.meyer.repository.UserRepositoryTest.shouldUpdatePassword;0,0;0,0;0,5;2,0;1,0;2,0;0,0;9,0;6,0;0,0;FeatureEnvy;CALLS_TO_br.com.meyer.services.UserService > 4
